ticker,name,sector,rsi_m,close,dd5,adv,years,mcap,q_end,eps_ttm,ni_ttm,rev_ttm,opinc_ttm,rev_yoy,prof_past,rev_qoq,rev_jump8,pe,ps,ev_ebitda,ev_ebit,pe_pct,ps_pct,ev_ebitda_pct,ev_ebit_pct,val_pct,val_pct_op,ni_op,ni_jump4,op_jump4,eps_jump4,shares_yoy,debt_yoy,prior_yoy,oneoff,acq,growth_rank,eps_1y,eps_chg_1y,rsi_min6,net_debt,nd_ebitda,eps_guidecut_trigger,trim_price,eps_path,value_rank
ELF,e.l.f. Beauty,Consumer Staples,50.9,99.51,-0.5435,198138890.58594477,10.0,6052442027.889953,2026-06-30,0.9800000000000001,59606000.0,1762106000.0,127364000.0,0.31228295944455486,1.0,0.0767712493705972,1.096839727490546,101.54081850635762,3.4347774923244985,29.777707585756087,51.35043676305669,0.8,0.4214876033057851,0.48623853211009177,0.4322033898305085,0.5692420451386256,0.4466431750821285,0.4679972362677052,2.264837753628695,1.7297370708387658,2.2272727272727275,0.05053849226337781,2.2414249871433247,0.18612718294805086,,,1,1.69,-0.4201183431952662,39.61356687251903,487755000.0,2.2207627234399046,0.833,149.27,"[1.92, 1.69, 1.4, 1.77, 0.44, 0.98]",
PODD,Insulet Corporation,Health Care,34.6,136.13,-0.6142,238137551.26938593,19.4,9585289086.776648,2026-06-30,5.33,375300000.0,3053400000.0,515700000.0,0.2940877304513667,1.0,0.052606177606177695,1.0738758029978586,25.540338627169323,3.1392182769295367,16.2581936370352,19.388770771333427,0.0,0.0,0.0,0.0,0.0,0.0,0.7277486910994765,1.239431968295905,1.0847069597069596,1.2453271028037383,-0.021796500830807974,-0.3224262341930414,0.25994553318737657,,,2,3.2800000000000007,0.6249999999999998,33.990527998413825,413500000.0,0.6723577235772358,4.53,204.19,"[5.55, 3.28, 3.43, 3.48, 4.28, 5.33]",1.0
AJG,Arthur J. Gallagher & Co.,Financials,45.4,231.1,-0.3374,364078680.9721689,42.3,60093666595.40836,2026-06-30,6.03,1568000000.0,15754000000.0,,0.2632507417207923,1.0,0.05216055566686695,1.0739492181896428,38.32504247156146,3.8145021325002135,25.238694613779145,,0.8,0.7061611374407583,0.7178217821782178,,0.741327639872992,0.7119914598094881,,1.0789825970548863,,1.0766550522648082,0.04735801422679642,0.05786668132109685,0.1382803943044908,,,3,6.610000000000001,-0.08774583963691385,36.9119890618714,12089000000.0,4.226923076923077,5.125,346.65,"[6.48, 6.61, 6.26, 5.74, 6.18, 6.03]",
FICO,Fair Isaac,Information Technology,36.6,863.09,-0.6377,378679566.36711,39.2,20365751141.217827,2026-06-30,34.53999999999999,815017000.0,2393575000.0,1236298000.0,0.24088418068698303,1.0,0.061074952500263846,1.0935313108984615,24.988130482208135,8.50850762613155,20.61037599642147,20.787622515945046,0.3222748815165877,0.6261682242990654,0.3691588785046729,0.35046728971962615,0.43920066144010866,0.4485981308411215,0.6592399243548076,1.1548257729278752,1.1601201179124152,1.1677156608663457,-0.04663279942518417,1.008375804175778,0.16660739665547797,,,4,25.560000000000002,0.35133020344287913,36.5935188732712,5333945000.0,4.277661937719038,29.359,1294.63,"[23.22, 25.56, 26.54, 27.01, 31.54, 34.54]",
NOW,ServiceNow,Information Technology,48.3,135.62,-0.4206,2271146949.39224,14.3,141553369903.56445,2026-06-30,1.6,1670000000.0,14732000000.0,1680000000.0,0.22186281827983745,1.0,0.05530085959885378,1.0553008595988538,84.76249694824219,9.608564343168915,63.92490920919188,85.9561725616455,0.16279069767441862,0.1569767441860465,0.16,0.12087912087912088,0.15992248062015504,0.14595195502172245,0.9940476190476191,1.0421432871763998,1.0961898813241724,1.040251572327044,-0.000865442504515368,inf,0.21115017579105988,,,5,1.59,0.0062893081761006275,29.811755694228296,2853000000.0,1.2629482071713147,1.36,203.43,"[1.47, 1.59, 1.65, 1.67, 1.68, 1.6]",7.0
ISRG,Intuitive Surgical,Health Care,44.6,405.18,-0.3363,1133261937.6474047,26.3,145846211125.0851,2026-06-30,8.72,3138800000.0,11034400000.0,3451200000.0,0.20660470202296333,1.0,0.04274198883019431,1.0616761367247582,46.46559549034189,13.217412013800942,,40.74814879609559,0.45739910313901344,0.5022421524663677,,0.5112107623318386,0.4798206278026906,0.5067264573991032,0.9094807603152527,1.0536067939981875,1.0941096588015617,1.0595382746051034,-0.010250383142571429,,0.20765929349620338,,,6,7.17,0.21617852161785223,37.12230915103294,-5216200000.0,,7.412,607.77,"[6.83, 7.17, 7.56, 7.87, 8.23, 8.72]",
APPF,AppFolio,Information Technology,50.1,204.22,-0.3643,72309031.08346121,11.3,7328102130.363307,2026-06-30,4.390000000000001,157528000.0,1040883000.0,182347000.0,0.2065774556785065,1.0,0.04576252795544011,1.0558016826506942,46.51936246485264,7.040274584524204,35.045693552244515,38.99543798561702,0.3068181818181818,0.13970588235294118,0.052083333333333336,0.06329113924050633,0.16620246583481876,0.08502678497559361,0.8638913719446989,1.07834775018982,1.1558439595159449,1.0824742268041236,-0.02121644193750838,,0.1947152304123534,,,7,5.54,-0.20758122743682306,38.66500501962757,-217401000.0,-1.0714792654437204,3.732,306.33,"[5.36, 5.54, 5.57, 3.88, 4.2, 4.39]",3.0
ADSK,Autodesk,Information Technology,40.9,209.4,-0.3724,491056453.05258125,41.3,44538185230.31442,2026-07-31,7.720000000000001,1642000000.0,7790000000.0,2041000000.0,0.17940953822861472,1.0,0.03769814839483154,1.0461672473867596,27.124351540995388,5.71735368810198,19.570555410488147,21.497885953118285,0.1317365269461078,0.44144144144144143,0.24064171122994651,0.14917127071823205,0.27127322653916525,0.27708480779654,0.8045075943165115,1.3016014234875444,1.1951837769328264,1.3097514340344167,-0.019118326469580338,0.39759999999999995,0.13781223083548655,,,8,4.81,0.6049896049896053,32.56003150456857,-661000000.0,-0.29482604817127567,6.562,314.1,"[4.66, 4.81, 5.15, 5.23, 6.85, 7.72]",
DT,Dynatrace,Information Technology,62.7,57.95,-0.2642,311269730.0946856,7.2,17581566631.469727,2026-06-30,0.5,151696000.0,2095586000.0,254525000.0,0.17940783830816098,1.0,0.03824786822348747,1.0459938670134452,115.9000015258789,8.389809166252173,60.42456287037344,64.71938957457903,0.5428571428571428,0.13414634146341464,0.14285714285714285,0.14285714285714285,0.2732868757259001,0.13995354239256677,0.5959964640015716,1.0268448071980998,1.129882548487549,1.0308641975308641,-0.0030910776258115114,,0.1870230027577655,,,9,1.62,-0.691358024691358,36.211970579675,-1108864000.0,-4.0674942043020215,0.425,86.93,"[1.59, 1.62, 1.67, 0.6, 0.54, 0.5]",6.0
CXT,Crane NXT,Information Technology,46.9,47.72,-0.3075,30576011.15004524,46.5,2766576930.274648,2026-06-30,2.42,140300000.0,1802900000.0,252600000.0,0.172770441683471,1.0,0.05180561227466307,1.051805612274663,19.71900876888559,1.5345149094651107,10.525268945315695,15.792070191111039,0.6582914572864321,0.5497630331753555,0.5096153846153846,0.7115384615384616,0.572556625025724,0.5903056264430672,0.5554235946159937,1.0808936825885977,1.0906735751295338,1.0852017937219731,0.00010105258558068542,0.2875487070492384,0.1027977044476327,,,10,2.6100000000000003,-0.07279693486590055,38.98226774936606,1222500000.0,3.2255936675461743,2.057,71.58,"[2.91, 2.61, 2.68, 2.5, 2.23, 2.42]",
VEEV,Veeva Systems,Health Care,60.6,280.68,-0.137,423216413.2453555,13.0,46692819266.81769,2026-07-31,6.1,1014772000.0,3458098000.0,1034859000.0,0.16504217851996672,1.0,0.04184180842705021,1.0418418084270502,46.01311355340677,13.502456919039798,,38.12101191255783,0.05228758169934641,0.27564102564102566,,0.057692307692307696,0.16396430367018602,0.16666666666666669,0.9805896262196105,1.0776507669499986,1.0827727782085046,1.081560283687943,-0.001779805355851205,,0.15331072729808914,,,11,4.860000000000001,0.2551440329218102,35.417552982546596,-7242947000.0,,5.185,421.02,"[4.71, 4.86, 5.13, 5.44, 5.64, 6.1]",9.0
VVV,Valvoline,Consumer Discretionary,41.5,28.92,-0.3924,77520790.05677663,10.0,3669225009.6797953,2026-06-30,0.7999999999999998,101500000.0,1964000000.0,301000000.0,0.1607565011820331,1.0,0.05682307361170902,1.0572306291955853,36.15000009536744,1.8682408399591626,,17.232641228172078,0.9322033898305084,0.33035714285714285,,0.7843137254901961,0.6312802663438256,0.5573354341736695,0.3372093023255814,1.085561497326203,1.0722390317700454,1.0958904109589038,-0.02333633093525167,0.4837454848569047,0.07530981887511912,,,12,2.1399999999999997,-0.6261682242990654,41.50416790888679,1517800000.0,,0.68,43.38,"[2.05, 2.14, 1.64, 0.67, 0.73, 0.8]",
NFLX,Netflix,Communication Services,42.3,71.15,-0.4687,2803074244.9333916,24.4,305395518231.88495,2026-06-30,3.1799999999999997,13649441000.0,48370764000.0,14354517000.0,0.16016001944490532,1.0,0.031579702551452815,1.0415928873253186,22.374214316314124,6.313638507588695,21.089045248591507,21.636180042274145,0.04932735426008968,0.5201793721973094,0.20179372197309417,0.17488789237668162,0.2571001494768311,0.2989536621823617,0.9508812452554133,1.2178485759435602,1.054094194708,1.225296442687747,-0.016969927211574976,-0.00995626852616649,0.14843829686794452,,,13,2.347,0.3549211759693225,41.097220022871184,5181396000.0,0.3518313489755605,2.703,106.73,"[2.12, 2.35, 2.39, 2.53, 3.1, 3.18]",
KNSL,Kinsale Capital Group,Financials,43.1,330.49,-0.3969,89388546.23868428,10.2,7627746530.290085,2026-06-30,24.639999999999997,568694000.0,1996004000.0,,0.1581833964646464,1.0,0.041049935351763045,1.0728739277044759,13.412743110161324,3.8215086394065767,,,0.0,0.00847457627118644,,,0.00423728813559322,0.00847457627118644,,1.0792365748727086,,1.0854625550660795,-0.00997607350213614,0.21857701074568547,0.21119811762324625,,,14,19.16,0.28601252609603334,38.00344091320068,14024000.0,,20.944,495.74,"[17.37, 19.16, 20.35, 21.65, 22.7, 24.64]",2.0
DXCM,Dexcom,Health Care,53.3,86.62,-0.468,382855142.17845374,21.5,34226884089.232433,2026-06-30,2.53,999700000.0,4969200000.0,1139100000.0,0.1554129464285714,1.0,0.03140372361402277,1.0500139508928572,34.23715523580318,6.887805700964427,23.60453541136861,29.07724000459348,0.0821917808219178,0.22110552763819097,0.12048192771084337,0.1125,0.14125974539031738,0.15136248511634479,0.877622684575542,1.2610673665791776,1.1724315288671725,1.2676056338028168,-0.018203949802717445,,0.09301616346447084,,,15,1.42,0.7816901408450703,39.767885186939345,-1105000000.0,-0.7874857468643102,2.15,129.93,"[1.33, 1.42, 1.8, 2.09, 2.33, 2.53]",8.0
CVLT,CommVault Systems,Information Technology,54.7,145.54,-0.2552,85828340.1506333,20.0,6372039449.642866,2026-06-30,1.56,68300000.0,1215843000.0,74618000.0,0.15472896929980773,1.0,0.027163362028909566,1.057558162309076,93.29486749111078,5.240840675681701,64.26937870099513,72.93417740549017,0.6621621621621622,0.7307692307692307,0.5597826086956522,0.6193548387096774,0.650904667209015,0.6366355593915202,0.9153287410544373,1.0842597208374876,1.0789872183152815,1.0909090909090908,-0.033365750294519825,,0.21617313625227985,,,16,1.7900000000000003,-0.12849162011173199,41.78563368729244,-929837000.0,-10.98085689317178,1.326,218.31,"[1.68, 1.79, 1.76, 1.92, 1.58, 1.56]",
OLLI,Ollie's Bargain Outlet,Consumer Discretionary,43.6,84.25,-0.4016,137466300.99305046,11.2,5156401565.995525,2026-08-01,4.470000000000001,273580000.0,2793108000.0,342537000.0,0.14432479049177838,1.0,0.022607427291688964,1.0442139733688185,18.84787472035794,1.8461160706981345,13.023899068540228,14.707507702804442,0.037037037037037035,0.14814814814814814,0.07575757575757576,0.09090909090909091,0.08698092031425364,0.10493827160493825,0.7986874410647609,1.096794368094421,1.1012776656078396,1.1064356435643563,-0.010105814159391158,0.5587412587412588,0.10136441246967776,,,17,3.45,0.29565217391304355,36.07001938249653,-118536000.0,-0.30643947913354375,3.8,126.38,"[3.25, 3.45, 3.61, 3.89, 4.04, 4.47]",4.0
INTU,Intuit,Information Technology,33.0,275.79,-0.6584,1273247711.8555946,33.6,76504081349.70311,2026-07-31,16.46,4566000000.0,21448000000.0,5884000000.0,0.13897297010249066,1.0,0.02499402628434888,1.0592415681248908,16.755164553154426,3.566956422496415,13.089784442382328,13.505792207631393,0.02358490566037736,0.08333333333333333,0.17647058823529413,0.058823529411764705,0.09446294240966828,0.1062091503267974,0.7760027192386132,1.064357715171879,1.0550660792951543,1.066363044892648,-0.019887651070744417,0.2839444165411016,0.1563401903592263,,,18,13.67,0.20409656181419167,27.075170064143634,2964000000.0,0.48822269807280516,13.991,413.69,"[12.25, 13.67, 14.56, 15.37, 16.39, 16.46]",5.0
PAYX,Paychex,Industrials,42.3,101.37,-0.3656,345930370.5346728,43.1,36322239674.6136,2026-08-31,5.039999999999999,1805900000.0,6389400000.0,2587800000.0,0.13662077062653433,1.0,0.014013426227166725,1.0489399202587313,20.113095783051996,5.684765341755658,14.602829345499398,15.436293250874721,0.10091743119266056,0.23394495412844038,0.3440366972477064,0.3073394495412844,0.2262996941896024,0.2951070336391437,0.6978514568359224,1.075395613123969,1.0742864478582739,1.0794701986754969,-0.00978954103011287,-0.07885695808576854,0.054169914263445085,,,19,4.58,0.10043668122270732,30.59912829768301,3623800000.0,1.3247303966368122,4.284,152.06,"[4.58, 4.46, 4.42, 4.53, 4.89, 5.04]",
BSX,Boston Scientific,Health Care,28.0,43.92,-0.5939,944225366.1598569,34.4,65222086349.67263,2026-06-30,2.47,3668000000.0,20996000000.0,4152000000.0,0.13528712014707467,1.0,0.0185310953720772,1.0535490486498804,17.781375776900934,3.106405331952402,13.891659721414669,18.619240450306513,0.14388489208633093,0.4125560538116592,0.12048192771084337,0.10273972602739725,0.22564095786961116,0.21192590251663326,0.8834296724470135,1.2306362378976488,1.1000635324015249,1.2319587628865978,-0.0012674106896854997,0.08949684991801155,0.21439359117473233,,,20,1.68,0.47023809523809534,23.975126878740824,12085000000.0,2.1716082659478886,2.099,65.88,"[1.37, 1.68, 1.87, 1.94, 2.39, 2.47]",10.0
