seed,scenario,final,withdrawn,total,irr,cagr_index,max_dd,final_real,withdrawn_real,total_real,trades,closed,win_rate
0,base,133893.66,137730.02,271623.68,0.1041,0.0993,-0.4905,47291.37873366854,89893.98952037441,137185.36825404296,506.0,21.0,1.0
0,no_trim,142229.39,142165.77,284395.16,0.109,0.1038,-0.4958,50235.56716239327,92657.99914346189,142893.56630585517,537.0,22.0,1.0
0,rotate,177029.97,122827.75,299857.72,0.1035,0.1204,-0.4694,62527.16789189257,75894.5566396667,138421.72453155927,786.0,338.0,0.577
0,base_no_wd,430380.34,0.0,430380.34,0.1047,0.1047,-0.4655,152010.77973718126,0.0,152010.77973718126,154.0,26.0,1.0
0,rsi80,125958.64,136165.44,262124.08,0.1011,0.0947,-0.4902,44488.721490007905,89067.47955253415,133556.20104254206,505.0,23.0,1.0
0,index (buy & hold),76803.45,85432.22,162235.67,0.0483,0.0506,-0.4493,27127.057711338795,57206.56354459096,84333.62125592976,,,
1,base,132545.64,111647.83,244193.47,0.0871,0.0924,-0.3839,46815.256680088416,71934.88665771908,118750.1433378075,502.0,23.0,1.0
1,no_trim,150828.87,111775.09,262603.96,0.0909,0.098,-0.3548,53272.91236299954,69977.29256859494,123250.20493159449,501.0,26.0,1.0
1,rotate,131191.3,116979.62,248170.92,0.0891,0.0917,-0.4475,46336.90239599343,74089.09169262862,120425.99408862204,856.0,363.0,0.57
1,base_no_wd,351478.42,0.0,351478.42,0.0895,0.0895,-0.4082,124142.54025867557,0.0,124142.54025867557,148.0,27.0,1.0
1,rsi80,124837.52,111203.04,236040.56,0.0843,0.088,-0.3839,44092.74075032322,71767.3170935371,115860.05784386033,501.0,23.0,1.0
1,index (buy & hold),76803.45,85432.22,162235.67,0.0483,0.0506,-0.4493,27127.057711338795,57206.56354459096,84333.62125592976,,,
2,base,125509.55,117053.94,242563.49,0.0863,0.0864,-0.3549,44330.10243907224,73890.92124850895,118221.02368758118,500.0,30.0,1.0
2,no_trim,132757.07,125838.07,258595.14,0.0943,0.0946,-0.3429,46889.9339740369,79874.8202903467,126764.7542643836,495.0,29.0,1.0
2,rotate,195930.35,149770.88,345701.23,0.1212,0.1282,-0.5098,69202.80159098074,92604.4187695879,161807.22036056864,862.0,361.0,0.645
2,base_no_wd,381362.76,0.0,381362.76,0.0956,0.0956,-0.3835,134697.71995236474,0.0,134697.71995236474,160.0,36.0,1.0
2,rsi80,140367.99,119802.55,260170.54,0.0933,0.0947,-0.3866,49578.11876360537,76389.53034277709,125967.64910638245,472.0,35.0,0.971
2,index (buy & hold),76803.45,85432.22,162235.67,0.0483,0.0506,-0.4493,27127.057711338795,57206.56354459096,84333.62125592976,,,
3,base,85503.78,92903.26,178407.04,0.0576,0.0583,-0.4739,30200.023235904326,61403.259260269886,91603.28249617422,427.0,21.0,1.0
3,no_trim,76933.97,86172.05,163106.02,0.0493,0.0508,-0.5217,27173.157509882796,58490.24208349792,85663.39959338072,489.0,20.0,1.0
3,rotate,218251.04,160422.19,378673.23,0.1357,0.1407,-0.5282,77086.49230782878,102762.35931007698,179848.85161790578,834.0,357.0,0.591
3,base_no_wd,238986.4,0.0,238986.4,0.0612,0.0612,-0.4902,84410.24283447031,0.0,84410.24283447031,143.0,22.0,1.0
3,rsi80,85237.64,90777.21,176014.85,0.0562,0.0562,-0.4739,30106.022313559097,60417.738318563985,90523.76063212309,464.0,23.0,1.0
3,index (buy & hold),76803.45,85432.22,162235.67,0.0483,0.0506,-0.4493,27127.057711338795,57206.56354459096,84333.62125592976,,,
4,base,85555.0,95348.14,180903.14,0.0619,0.0583,-0.4042,30218.114192703462,65562.20287267087,95780.31706537433,524.0,18.0,1.0
4,no_trim,87558.91,99413.06,186971.97,0.0642,0.064,-0.4813,30925.897270395013,66240.68828968932,97166.58556008434,512.0,19.0,1.0
4,rotate,140817.05,139419.54,280236.59,0.1061,0.101,-0.3893,49736.72721851012,89715.02330871858,139451.7505272287,824.0,357.0,0.577
4,base_no_wd,286596.11,0.0,286596.11,0.0745,0.0745,-0.3738,101226.04148401148,0.0,101226.04148401148,148.0,23.0,1.0
4,rsi80,83934.96,94444.28,178379.24,0.0606,0.0569,-0.4036,29645.914394716823,65131.348219012696,94777.26261372952,515.0,20.0,1.0
4,index (buy & hold),76803.45,85432.22,162235.67,0.0483,0.0506,-0.4493,27127.057711338795,57206.56354459096,84333.62125592976,,,
