ticker,entry,exit,reason,amount,months,hold_pr,hold_tr,sector,rsi_m,dd5,rev_yoy0,val_pct0,pe0,ps0,ev_ebitda0,growth_rank,maxdd_cost,max_gain,m_first_-20,m_first_-30,pct_months_uw,pr_6m,pr_12m,pr_24m,rev_yoy_12m,rev_yoy_24m,eps_chg_12m,eps_chg_24m,eps_chg_min,m_first_eps-30,m_first_rev_neg,m_first_newlow5y,rsi_min,shares_chg_24m,is_loser
AAPL,2009-01-02,2010-01-04,replaced,7652.76,11,1.3582161074231105,1.358237488156142,Information Technology,42.15036383734315,-0.5489665712896938,0.5253885588737897,0.07142857142857142,13.293512310601967,2.169667435613172,6.797337827469984,1,-0.015876428931854925,1.3220730837137875,,,0.09090909090909091,0.8004249141274467,,,,,,,0.0,,,,41.97364781252034,,False
AAPL,2013-07-01,2015-04-01,replaced,5024.51,21,1.1253848785494354,1.20586700969724,Information Technology,40.74262190973951,-0.43522290534332964,0.18786175892104517,0.014925373134328358,9.463723394352954,2.2202007906422696,5.930936697601058,6,0.10583545164094565,1.1974000464226342,,,0.0,0.3709496032526918,0.5896339429554529,,0.04098661178919483,,0.003341288782816365,,-0.051073985680190725,,,,49.03249995651601,,False
ABT,2011-04-01,2015-07-01,replaced,10016.22,51,1.090536458067422,1.33022831001331,Health Care,48.924423122402644,-0.1892562445052165,0.14308649193376044,0.0,7.950739602784853,1.0459175005168782,5.746500176585187,5,0.03585287072609167,1.0719614749872166,,,0.0,0.03585287072609167,0.24144354950264102,0.49106919180942943,-0.3912710826806969,-0.11010417153267626,0.016891891891891886,0.2567567567567568,-0.5709459459459459,33.0,12.0,,51.4375583988348,0.02563257228050375,False
AKAM,2009-10-01,2010-07-01,replaced,10269.05,9,1.1635387921780747,1.1635388364314019,Information Technology,44.94638573351606,-0.6672865630178298,0.24279783660116339,0.22807017543859645,24.600000381469723,4.3834022809304285,9.147195896393287,11,0.1796246648793567,1.1753351042801192,,,0.0,0.6847185027503457,,,,,,,-0.025000000000000133,,,,47.832928445837474,,False
ALB,2024-01-02,2026-08-31,open,19214.84,31,-0.08114915092447994,-0.042727790589869974,Materials,38.69198807189047,-0.647366168351083,0.766750039779523,0.03165735567970205,4.067351927109874,1.3679652949655519,6.753734601739504,1,-0.6203962262813452,0.33909726290586284,5.0,5.0,0.8387096774193549,-0.3623119465658293,-0.42685000720671074,0.1616175701736844,-0.3420393166738447,-0.2392445806491501,-1.5930521091811416,-1.0563629918468627,-1.5930521091811416,2.0,4.0,15.0,32.09998783792906,-0.8870644583253876,False
AN,2016-04-01,2021-04-01,replaced,9678.07,60,1.0082896500565828,1.008289643371577,Consumer Discretionary,41.658513830856165,-0.29486401122235584,0.09174830444611914,0.06567284448025786,12.000000078451357,0.254587289556254,,18,-0.38787086679881366,1.0335951400676944,33.0,48.0,0.43333333333333335,0.06260905507139292,-0.07744326100507548,0.020506081572793988,0.03580672993960321,-0.0034430098570040757,0.06683804627249357,0.13881748071979416,-0.6452442159383034,50.0,20.0,32.0,33.131972264852536,-0.1377678993103547,False
APD,2009-01-02,2013-10-01,replaced,7652.76,56,1.0186573834198742,1.2998300868756862,Materials,28.971864568516594,-0.5256059503068206,0.13842067291926274,0.14285714285714285,12.120482129935757,1.0587164620099436,6.118911786875236,5,-0.12834561507775644,1.0474925659771084,,,0.017857142857142856,0.40595502447436616,0.43158638421126017,0.644364238627116,-0.2072399059004273,0.06080588749635685,-0.08433734939759041,0.15903614457831328,-0.2867469879518073,,11.0,1.0,27.153106733932233,-0.008038107191674193,False
AR,2019-07-01,2021-04-01,replaced,2079.74,21,1.0148422368603427,1.0148422867695204,Energy,20.742372265239084,-0.915842333178253,0.1894546480372099,0.0625,2.973118392370081,0.40589069861292365,5.889521493458149,15,-0.8682745865413121,0.8923932855779475,2.0,2.0,0.8095238095238095,-0.47124306036501507,-0.5287569644057462,,0.13002285889477094,,-3.9408602150537635,,-4.93010752688172,6.0,13.0,1.0,16.907620211878424,,False
ASB,2021-04-01,2026-08-31,open,22785.56,65,0.4145101945633807,0.7351642325704157,Financials,59.10100839257766,-0.26031196289707803,0.04974443032376552,0.2715223354814907,11.473118361606392,2.7561369767146706,6.835805091384802,11,-0.31561920426909895,0.42698702221657125,26.0,26.0,0.4153846153846154,-0.010166355069595845,0.051756017970510104,-0.16913125960090902,-0.1713319843509693,0.17148813241871474,0.17204301075268824,0.25806451612903203,-0.6236559139784947,35.0,4.0,,35.9552750879287,-0.05134432106668707,False
BAH,2025-07-01,2026-08-31,open,16696.19,14,-0.2950330675064867,-0.270544414770178,Industrials,41.92614125941977,-0.44016130508915075,0.12361658225473637,0.16494688261929644,14.362758241850752,1.1210024907243497,10.776944520441504,17,-0.43462866304216463,0.013139513751776466,5.0,12.0,0.8571428571428571,-0.21386636277745263,-0.43462866304216463,,-0.06368948247078465,,-0.0482758620689655,,-0.1213793103448274,,7.0,12.0,29.141126069225223,,True
BAX,2010-07-01,2016-07-01,replaced,9220.5,72,1.0338664836234353,1.3561279260655157,Health Care,33.224946685260306,-0.4288123532812441,0.01733074182053773,0.047619047619047616,15.33584873703291,1.9688977533687728,9.424464239586564,15,0.03427090483135231,1.0235741106344198,,,0.0,0.2304299492236095,0.4508961532306124,0.29192710401834066,0.04224240031583104,0.06037878787878781,0.3132075471698115,0.4867924528301888,-0.09811320754716968,,35.0,,37.175117367623685,-0.07260506615218432,False
BDX,2009-01-02,2015-01-02,replaced,7652.76,71,1.0020054781456809,1.2682965507484942,Health Care,46.919195284374815,-0.21301711406106427,0.09785136805279793,0.09523809523809523,16.293721846507804,2.6622171137789588,9.047360346209114,7,-0.1342679475222347,1.0087331592278215,,,0.15492957746478872,-0.06741993755542786,0.07887277492478506,0.18737555215299895,0.012917935884832144,0.019703517615270894,0.11883408071748902,0.23094170403587455,0.0,,25.0,,38.64985567901584,-0.05021124843249991,False
BEN,2009-01-02,2011-07-01,replaced,7652.76,29,1.015915947991449,1.1238170777904162,Financials,27.9909050879358,-0.6636332204771251,-0.02793900320814391,0.0,7.314199119176029,1.925690120901401,4.094777459720471,11,-0.3123122808095571,0.9713212777902416,1.0,1.0,0.10344827586206896,0.33153150747488214,0.48693686133032443,0.8115615844726562,-0.3047382909515406,0.39553614410001514,-0.41842900302114794,-0.04380664652567978,-0.46978851963746215,8.0,1.0,1.0,27.27708205902934,-0.04802901032682583,False
BMRN,2025-04-01,2026-08-31,open,15003.25,17,-0.039888087180842025,-0.039888121682212896,Health Care,43.37187677378873,-0.46050520415195584,0.17968102194668867,0.08918510645626361,31.986426444075228,4.784657373809562,21.557762897795048,6,-0.2115101605118601,-0.039888087180842025,6.0,,1.0,-0.20282602520735782,-0.16853103210970266,,0.12871371431875156,,-0.18552036199095023,,-0.8280542986425338,14.0,,2.0,34.60279131473085,,False
CBOE,2021-04-01,2024-10-01,replaced,11818.68,42,1.0814991318798954,1.1912904632003536,Financials,50.217727511248526,-0.28047535865829465,0.3729818516886343,0.2831819099535635,23.11241274974385,3.1575476786291823,14.240686791068686,1,0.03480074109242559,1.0364861580059923,,,0.0,0.22803887180598426,0.1344437653078061,0.33095385180610815,0.019754311225234078,0.13268284308114908,0.15222482435597207,-0.48711943793911006,-0.48711943793911006,20.0,13.0,,50.4344294943996,-0.02511415525114169,False
CDE,2013-07-01,2026-08-31,open,13926.81,158,0.6336478527237033,0.6354823257293478,Materials,39.424141533680135,-0.6377008847063577,2.425537321670353,0.0,20.781250298023224,1.372336946279497,3.4713498876086164,1,-0.8262578586362443,1.1344339322743928,7.0,10.0,0.8924050632911392,-0.14701254862659374,-0.2783018628006463,-0.5511006259318418,-0.1494045031730853,-0.14549009988689476,-12.171875,-19.046875,-19.109375,3.0,8.0,9.0,30.890044877346625,0.15056260643566666,False
CHRW,2014-04-01,2022-01-03,replaced,14059.46,93,1.068634998578967,1.4752195439226274,Industrials,38.13827765750051,-0.36187575684106266,0.1226295574311127,0.0684931506849315,19.76981109043337,0.6447847010757779,12.082366296192186,5,0.12921782066485643,1.0634585363001912,,,0.0,0.27147238678727414,0.40375769211470725,0.4231212300025613,0.05630385201593846,0.0004466941404226432,0.15094339622641506,0.3245283018867924,-0.0037735849056604875,,26.0,,34.87136058574053,-0.07474925864987025,False
CRM,2009-07-01,2026-08-31,open,8649.48,206,25.475457059359744,25.933497213343777,Information Technology,46.96242313385636,-0.4871691789272905,0.43818485374649385,0.08888888888888889,109.05713762555804,4.398467426906547,40.50154315688762,8,0.11385248400380088,34.12721790871563,,,0.0,0.8959135606030946,1.205602664991627,2.8288356650614,0.21250054561377607,0.26927127574424614,0.7428571428571429,0.34285714285714297,-8.542857142857144,27.0,,,35.38419537679222,0.10556675857717046,False
CTSH,2016-10-03,2026-08-31,open,12378.66,118,0.28134924267965644,0.4714873180149992,Information Technology,45.05477356316011,-0.26390486092815046,0.14764887235978486,0.09294871794871795,20.70564454601657,2.4129889422059874,10.713741357197055,3,-0.23154762813023155,0.7791666303362166,116.0,,0.01694915254237288,0.19503967345707007,0.5013888525584387,0.3696428329225572,0.08771119578185727,0.0977283985563655,0.25806451612903225,-2.220446049250313e-16,-0.008064516129032251,,52.0,41.0,30.257753544767894,-0.040290620871862526,False
CVLT,2014-10-01,2024-04-01,replaced,8258.82,114,1.1523789178134547,1.1523789248521803,Information Technology,41.486931773649225,-0.4365566993250821,0.1649045937212783,0.11458333333333333,39.06976862471233,4.092672566301379,20.269820985629785,1,-0.27218175986985305,1.1738105509038959,11.0,,0.2894736842105263,-0.06343761759666833,-0.27218175986985305,0.13866268898661027,-0.017453583095562997,0.02086619541667578,-0.813953488372093,-0.9922480620155039,-2.201550387596899,4.0,10.0,,34.300611255974744,-0.16486396867253017,False
CVS,2021-04-01,2026-08-31,open,22785.56,65,0.26393006274709796,0.5108265408480421,Health Care,58.43873024273484,-0.29095189030296753,0.04646072841698601,0.2809999859394553,13.77838889321128,0.3681162827192686,8.321057860961409,13,-0.3958277336521071,0.43351281475411163,39.0,45.0,0.38461538461538464,0.14212652234658907,0.3621803376106685,0.00013455664325379146,0.08710263261706097,0.10391940050186399,0.10256410256410242,-0.40293040293040294,-0.9304029304029304,20.0,,45.0,32.82867945230862,0.005747848402421374,False
DECK,2012-10-01,2014-01-02,replaced,5732.82,15,1.314132949990443,1.3141202930015874,Consumer Discretionary,38.24861660294855,-0.6885942451957381,0.34850001311996515,0.015503875968992248,8.23370837093739,1.001129885004904,4.7495768579885995,5,-0.21042029956619868,1.3293013472722213,1.0,,0.06666666666666667,0.5358606648149635,0.8179912761872361,,-0.007957874897842276,,-0.3370786516853932,,-0.3752808988764045,12.0,12.0,,35.68230277522794,,False
DKS,2017-07-03,2021-07-01,replaced,7973.23,47,1.5173611111111112,1.8154635711922618,Consumer Discretionary,37.1384034114381,-0.40016064011907004,0.09786722780342116,0.025252525252525252,14.472868276196856,0.5167029218270435,5.922531047849073,6,-0.472718248291621,1.4848710922967818,1.0,1.0,0.6382978723404256,-0.2197420861985948,-0.15327382466149708,-0.07812504541306264,0.08438432255770367,-0.026214708829652822,0.16666666666666652,0.26356589147286824,-0.6046511627906976,35.0,20.0,1.0,28.55493104911295,-0.13021921496514843,False
DLR,2013-10-01,2016-07-01,replaced,14002.22,33,1.0029400955531056,1.3109221061674048,Real Estate,37.60492151415423,-0.3388121020003816,0.25036429872495436,0.0,37.13286606581895,5.754583652910954,9.806382052858366,3,-0.13193675710277852,1.0027563003265256,,,0.21212121212121213,-0.024623266610535044,0.14626977339425262,0.20029400394752317,0.09782707853194328,0.06369591277635034,0.398601398601399,0.41258741258741294,-0.3076923076923076,18.0,,,32.70227501002152,0.12942350887077092,False
DXCM,2026-01-02,2026-08-31,open,29318.49,7,0.36850011359473633,0.36850009476547196,Health Care,45.38962183735213,-0.551392686052915,0.1421092564491655,0.10180158410524903,40.57777828640408,6.475875198966191,26.81606967127622,14,-0.10504960569491217,0.36850011359473633,,,0.2857142857142857,0.2541328065560893,,,,,,,0.1611111111111112,,,,39.767885186939345,,False
EMR,2009-01-02,2018-10-01,replaced,7652.76,116,1.0458497862884961,1.7679435919483262,Industrials,34.99342863252265,-0.43930039550666333,0.0732004880032533,0.0,10.68627475913054,1.085229873227353,6.552457426246062,9,-0.2951251646903821,1.0218709711971958,1.0,,0.06896551724137931,-0.041370195833590695,0.09459817959228833,0.5515151796604805,-0.15363563639425704,0.0466122773853348,-0.25816993464052285,-0.07189542483660138,-0.3300653594771241,55.0,11.0,1.0,29.11027196508988,-0.0333193188984654,False
EOG,2009-04-01,2011-04-01,replaced,998.45,24,1.072291254851189,1.1010793764120312,Energy,37.88054940838457,-0.6181577510411748,0.6812063209447403,0.0,5.633744683285308,1.9262949347090343,3.002451572978518,2,0.11115000073930204,1.074391775533528,,,0.0,0.4617539320187374,0.6268160763417863,1.074391775533528,-0.3283481192954877,0.27427370904994164,-0.7767489711934157,-0.9351851851851852,-0.9351851851851852,9.0,12.0,,42.44531722060086,0.017129299039366552,False
EQT,2018-04-02,2025-04-01,replaced,16476.37,83,1.1498169012039945,1.3067319799824269,Energy,37.58219662427638,-0.5430626333502888,1.2284784874994052,0.025442298328193474,3.398223895931719,1.6584555569054809,7.243836112189119,1,-0.7657864752436266,1.13186183018425,6.0,14.0,0.5060240963855421,-0.2621632475737783,-0.1840431254961794,-0.417857678270096,0.2279018485371227,-0.03101976625913694,-1.2313432835820894,-1.595771144278607,-2.1592039800995027,2.0,22.0,5.0,23.624607102852778,0.3593449192775058,False
FCN,2010-04-01,2019-07-01,replaced,1758.74,111,1.1626892168154188,1.1626891490709643,Industrials,43.50857445220637,-0.4700094567879499,0.08259011943749539,0.0,14.950570226168905,1.493438026993997,8.326447970148383,8,-0.344880659824339,1.1806518695646293,27.0,28.0,0.5315315315315315,-0.10982810811626931,-0.01642284241584069,-0.03720809705507644,0.0010821845985486966,0.11795333584024092,-0.47528517110266166,-0.09125475285171092,-1.8288973384030418,9.0,38.0,26.0,31.393883753824397,-0.18239186760454662,False
FHI,2020-10-01,2025-07-01,replaced,5602.2,57,1.1043232509068082,1.6529587663870902,Financials,40.744500559192666,-0.4256341844946463,0.13974963856951472,0.007356520798398875,7.242424319488835,1.5342290481436296,,11,0.12312028282567078,1.082706752576326,,,0.0,0.4708646258017173,0.5272556390977443,0.5563909272502239,-0.026563535599960497,-0.03011764569537867,0.043771043771043905,-0.09764309764309753,-0.12121212121212122,,11.0,,44.90118513346981,-0.06514707063663872,False
FIVE,2024-10-01,2026-01-02,replaced,27376.03,15,1.1607282134283725,1.160728242888975,Consumer Discretionary,36.7910308102125,-0.625968435024246,0.14234803242409422,0.023648327015284482,17.42603520199627,1.31843467584788,8.936830841614409,12,-0.16307382659247427,1.103875802639915,,,0.2,-0.16307382659247427,0.7279123975007504,,0.1388282738256219,,-0.02366863905325467,,-0.09270216962524669,,,,35.88806360775639,,False
FLR,2009-10-01,2026-08-31,open,5723.81,203,0.10455923650523213,0.3005652435642383,Industrials,48.603052886540894,-0.48446294547761837,0.3375980983322002,0.3157894736842105,12.46323492012772,0.40685835583688035,,6,-0.8599797396674345,0.6269503731616484,95.0,111.0,0.5763546798029556,-0.05754815964471727,0.0036473916777484128,-0.05673760411224826,-0.08166813264058437,0.04287836962104019,-0.1838235294117645,-0.4926470588235292,-4.009803921568627,14.0,6.0,71.0,27.8354152989464,-0.025167902240756934,False
GILD,2010-07-01,2013-01-02,replaced,10075.93,30,1.198593953092963,1.1985931416782414,Health Care,37.238070884828865,-0.39964974263820197,0.3140388886285901,0.0,11.022507646076166,4.226673410898701,7.679593810956769,2,-0.0676625681398344,1.196836555360281,,,0.06666666666666667,0.06151147271431734,0.21294668563011432,0.5020503450291998,0.02945574178487642,0.1222234189652156,0.02893890675241173,0.06109324758842449,0.0,,,,34.768588698059006,-0.1573195303582987,False
GIS,2025-10-01,2026-08-31,open,31261.04,11,-0.18737671079014895,-0.1368168625619045,Consumer Staples,32.25980875287455,-0.44354930107808455,8.66888754290329,0.032362459546925564,9.53119058014089,1.4644577800443037,8.757315130146223,1,-0.33313606758794845,-0.06607498078656637,6.0,7.0,1.0,-0.26587768795457356,,,,,,,-1.0302457466918715,10.0,10.0,1.0,19.69152850630364,,True
GME,2009-10-01,2026-08-31,open,10269.05,203,1.8255187026543584,3.196522165906635,Consumer Discretionary,44.8217673964365,-0.581832549251328,0.24132325490325424,0.29411764705882354,11.121848450989283,0.5030527530438719,4.696661673002112,12,-0.8654880860876248,11.490392006149117,4.0,5.0,0.43842364532019706,-0.1579554247727859,-0.24250579998183486,-0.11222135351768925,0.037433311777544276,0.0536444273588943,-0.01680672268907546,0.1470588235294119,-5.478991596638655,39.0,33.0,34.0,21.041109413115223,-0.09559216413346472,False
HAL,2015-01-02,2026-08-31,open,5400.23,139,-0.06685240632765044,0.16279318096891982,Energy,39.05566532106803,-0.4597405634682269,0.09245172615564656,0.18875502008032127,10.0984852723401,1.0792420064834312,5.7136218669774,7,-0.8265383665577977,0.4325145529203398,46.0,47.0,0.7122302158273381,0.05824261624531135,-0.1949860492396216,0.4325145529203398,-0.13919783231985883,-0.3796713151055964,-0.9242424242424241,-2.6565656565656566,-777779.255050505,3.0,6.0,46.0,25.97197212758884,0.004080620110446187,False
HL,2012-04-02,2025-10-01,replaced,7842.84,161,1.5919662217509165,1.7784745371669843,Materials,39.36465213199507,-0.6715272219861823,0.14044692977534123,0.0,8.39215727413402,2.655991956575945,4.0904395725069485,9,-0.7230444095603508,1.558139615532712,12.0,14.0,0.5403726708074534,0.39112049126977877,-0.28118391218447536,-0.35095138832076156,-0.32763789847456426,0.1913353241390907,-0.9019607843137255,-1.156862745098039,-1.5156862745098039,5.0,8.0,29.0,26.19906384491047,0.059800944669365697,False
HPQ,2011-07-01,2022-01-03,replaced,7166.93,126,1.2596519861261215,2.028915823804034,Information Technology,40.254759808555924,-0.33235505806983123,0.06273881117719382,0.007936507936507936,8.921569193110747,0.6429281306264691,5.453180812959772,6,-0.6493924260366185,1.2388502144913294,2.0,3.0,0.5238095238095238,-0.30472281460709416,-0.4572195071782301,-0.3306337177368025,-0.030490616768666823,-0.05040046727850278,-0.3578431372549019,-2.5955882352941178,-2.6568627450980395,12.0,9.0,2.0,25.185624477325206,-0.12407609184601709,False
INTC,2013-01-02,2018-01-02,replaced,9635.15,59,1.1913002092666551,1.5724125503298318,Information Technology,44.1069805272555,-0.2789581667072365,0.04231224185072424,0.04519774011299435,9.187773325557792,2.0335796404561974,4.991186085317476,17,-0.02338638162925155,1.1590271210202112,,,0.01694915254237288,0.0916744692510707,0.14780172663832292,0.5453695470312134,-0.026046027050659504,0.050276021470458954,-0.19213973799126638,-0.08296943231441067,-0.1921397379912665,,1.0,,43.66255179344004,-0.022173657224510257,False
IVZ,2018-07-02,2026-08-31,open,7133.73,97,0.22359084655830075,0.799071371258359,Financials,38.63472122202354,-0.3550776402582654,0.12107447401565041,0.05333333333333334,9.437062857034324,2.0416814443078293,6.207335580343444,16,-0.7025009410156159,0.22359084655830075,4.0,5.0,0.9381443298969072,-0.3198955090199892,-0.28368792332744985,-0.6252332974298982,-0.032782658342081494,0.23413370908467734,-0.4930069930069929,-0.6433566433566433,-1.5594405594405596,9.0,9.0,1.0,23.876177372991833,0.11922944030766303,False
J,2009-01-02,2021-01-04,replaced,7652.76,143,1.1045231742033197,1.1842565127146063,Industrials,39.74372110393822,-0.6193148267721476,0.32784975637157077,0.0,11.44082816491889,0.4277967387204806,6.03422251177772,2,-0.3595791662703116,1.1610483330847177,1.0,1.0,0.4755244755244755,-0.18722687971673446,-0.2504954388667412,0.018842270976682896,0.019126729368114992,-0.13532816923418223,-0.050295857988165604,-0.4201183431952662,-0.650887573964497,20.0,15.0,32.0,33.47523033059812,0.008170453772678998,False
JLL,2017-04-03,2021-10-01,replaced,9301.69,53,1.3675902827461175,1.4070487350700889,Real Estate,47.77056604977653,-0.3595762659519638,1.1776488928373872,0.19897959183673466,15.886583763534102,0.403181127750877,8.939760111861412,1,-0.1222242277288551,1.2764727136895822,,,0.1320754716981132,0.18819972006940766,0.5554229629917042,0.4183337064068522,0.1125377178397684,0.1290510060055905,-0.1659751037344398,0.4578146611341629,-0.1659751037344398,,16.0,41.0,37.61057604747984,0.008027825882767292,False
KNSL,2026-04-01,2026-08-31,open,2015.98,5,0.08126082676831792,0.08285391918196328,Financials,41.761724191305156,-0.37651006270366216,0.18044566227303505,0.0,15.781062524808748,4.2409920785838064,12.306117904872956,19,-0.11865243200210562,0.08126082676831792,,,0.6,,,,,,,,0.048498845265588786,,,,38.00344091320068,,False
KR,2010-01-04,2014-04-01,replaced,8218.8,50,1.1298827603459358,1.3060268947723346,Consumer Staples,43.20738635855845,-0.3177331929550643,0.08263193812556868,0.2698412698412698,11.046391909884424,0.1868720229760235,5.353480342334139,10,-0.03857419267296791,1.131347730755806,,,0.06,0.034179702401161194,0.04492185637354851,0.1601562611758709,0.06785118053899364,0.09215981907274773,-0.12371134020618546,-0.005154639175257603,-0.9845360824742269,1.0,,,38.918015401275056,-0.06020270599509492,False
KRC,2021-07-01,2026-08-31,open,14161.82,62,-0.4797936480788113,-0.3135696814461062,Real Estate,54.07765898432139,-0.21114634852056458,0.0642913780638541,0.18644795602885605,12.615941918414572,8.914349655787412,,6,-0.6110633506785835,0.09515617897600048,12.0,14.0,0.9516129032258065,-0.04757811572839421,-0.25007162752859435,-0.5687876160420193,0.079082736670264,0.14153082308266374,-0.7192028985507245,-0.6376811594202898,-0.7192028985507245,12.0,36.0,15.0,25.735226868153205,-0.9851058564061533,True
LMT,2011-01-03,2026-08-31,open,7274.29,187,7.032488628434949,11.882011176669021,Industrials,51.376754263815265,-0.33439250011164345,0.08228076506676296,0.47142857142857136,11.055555343627931,0.6618341789572084,6.1040300720743375,12,0.03964504636680166,8.418634851722395,,,0.0,0.0838700924135336,0.17818805917882097,0.24330904174298018,0.04588196065355121,0.0052073370316052525,0.1625000000000001,0.20833333333333348,-0.06249999999999978,,27.0,,41.568488920742034,-0.12140030987105777,False
LULU,2014-07-01,2018-04-02,replaced,4386.85,45,1.167121843632143,1.1671218189976846,Consumer Discretionary,37.6684523255455,-0.508021388638841,0.13952470634950598,0.026881720430107527,23.534883454788563,3.6276250736996336,11.596293907533823,2,-0.04469825625271606,1.2130619008339218,,,0.044444444444444446,0.3853985824566015,0.6215545828596425,0.8341197072349529,0.12644905841877185,0.16140172394355767,0.08720930232558155,0.09302325581395321,-0.05232558139534871,,,,36.58779202552825,-0.040229989694888446,False
LULU,2024-10-01,2026-08-31,open,4732.29,23,-0.5486582768390674,-0.5486582975166514,Consumer Discretionary,40.2806191447125,-0.4692835737671669,0.13017842927748058,0.03423423423423424,20.986079358353877,3.429703132504579,12.435968348641103,15,-0.5714768237749079,0.5545130876600912,10.0,12.0,0.6521739130434783,0.06233814058395093,-0.3322199561802167,,0.09157267433421201,,0.13302397525135334,,-0.044856921887084344,,,9.0,32.82437314908354,,True
LYB,2022-10-03,2026-08-31,open,1705.01,46,-0.16798770351502568,0.0672144343635861,Materials,41.404558744578544,-0.370730115297492,0.5138873175698608,0.013020833333333334,4.658744481916038,0.47453479524346076,4.26450805821366,8,-0.44643314705880144,0.30759395013164004,30.0,35.0,0.43478260869565216,0.20953721056445374,0.15366911101725278,0.11032981940834952,-0.19646893974778146,-0.30793554837359627,-0.6069469835466179,-0.5679463741620963,-1.2279098110907982,8.0,8.0,30.0,22.627788660613206,-0.011273925951527763,True
MDLZ,2008-04-01,2026-08-31,open,8145.06,221,0.9574266696570235,3.7091586375595798,Consumer Staples,45.89626945200869,-0.1559608379915588,0.0860136895026955,0.5128205128205129,18.241176605224613,1.3841887875178809,12.3846782976721,1,-0.2970671423674758,1.4194260870609625,11.0,,0.19457013574660634,0.032797224850204865,-0.2970671423674758,-0.04635762311200997,0.12923197055050473,-0.04292205867825738,0.11764705882352944,0.1941176470588235,-0.664705882352941,103.0,24.0,8.0,32.31449768551013,-0.0702309894037072,False
META,2022-04-01,2024-04-01,replaced,6548.29,24,1.1852346279898405,1.1875530754197645,Communication Services,40.73440467857673,-0.4181799024759819,0.3718257430349561,0.01680672268907563,16.148148192472885,5.390977574113725,10.74112928248643,5,-0.5856793254965116,1.1798087831123527,3.0,6.0,0.5,-0.3965755273480932,-0.05741604428994329,1.1595729889805009,-0.011193175554782941,0.15687468377226454,-0.3761801016702977,0.07988380537400142,-0.41394335511982583,12.0,12.0,7.0,25.96313277172942,-0.08037218334019725,False
MOS,2023-07-03,2026-08-31,open,22277.32,37,-0.3251258858636431,-0.26160081713544237,Materials,48.78640507607094,-0.4784389312131264,0.3450431250268191,0.04371693121693121,5.001226787918184,0.7540983732388865,3.4205064533578042,4,-0.40710686810135377,0.08701730481592285,13.0,17.0,0.8648648648648649,-0.1407386937752475,-0.16703971858523592,0.007554513753027514,-0.32094091624484244,-0.13365228013029318,-0.7104294478527606,-0.8576687116564417,-1.2466257668711656,4.0,4.0,33.0,36.46436639922407,-0.08850601058875318,True
MTB,2024-04-01,2026-08-31,open,13719.36,29,0.6334311020905339,0.7461762959464633,Financials,51.75522984765528,-0.24016509242564266,0.1789949871622447,0.07122953048039404,9.210893124851568,2.618174640176102,1.2747522831652667,16,0.008169245843097528,0.7196620114937355,,,0.0,0.24368101603957193,0.24807987711213508,0.4433738389938775,-0.8401949600746655,0.07527579493835179,-0.07283090563647865,0.07663077897403436,-0.14566181127295774,,11.0,,51.30419758455286,-0.033901538725669145,False
MUR,2009-07-01,2026-08-31,open,3400.39,206,-0.2281413046373978,0.3901218668313935,Energy,46.47558666450738,-0.461805232468824,0.4979732936732688,0.125,5.995584945173452,0.3802897342705792,3.032926926390366,5,-0.8700852792755099,0.41800881903524134,73.0,73.0,0.7233009708737864,-0.008052672191185328,-0.09315518171453652,0.20168380541981,-0.3069348718488414,0.04075023660154331,-0.533112582781457,-0.4768211920529801,-2.80346357615894,3.0,9.0,73.0,25.431116857037722,0.008521362029873636,True
NEM,2013-04-01,2026-08-31,open,10394.34,161,2.045663144686972,3.062076162948789,Materials,39.85332540864513,-0.4192430197595297,-0.045685279187817285,0.07142857142857142,11.603877947271036,2.0985736713149747,5.815969979745713,16,-0.6117419740317898,2.140855279052911,1.0,6.0,0.5652173913043478,-0.32109204200363073,-0.43367961985847747,-0.47547719051769377,-0.15556001605780811,-0.18956501069645826,-2.409972299168975,-0.7174515235457064,-2.529085872576177,4.0,12.0,7.0,27.65900407163032,-0.0022632804509150617,False
NTAP,2012-07-02,2018-07-02,replaced,619.6,71,1.5583198806195728,1.8202609987268357,Information Technology,43.55265042524242,-0.4608911057498316,0.21680396673564206,0.02702702702702703,20.677214030978046,2.008275905530724,4.242194473214803,12,-0.2914377930476323,1.537318215809269,42.0,,0.15492957746478872,0.1631663974151858,0.32859447275879705,0.25492730703030353,0.015914778925752326,-0.0011685932663760834,-0.13291139240506322,0.15822784810126578,-1.0443037974683542,48.0,24.0,41.0,30.135744738525972,-0.09011970588925522,False
O,2023-10-02,2026-08-31,open,9818.26,34,0.25086749906709294,0.47039441798393344,Real Estate,32.252476316688615,-0.40688790116325657,0.3211439362932933,0.004901960784313725,35.358209752324804,8.311336469356736,9.297890948155066,10,0.06368647908453884,0.36762604613186367,,,0.0,0.09287611585073163,0.21187995370248558,0.18350682878620783,0.27802889425001553,0.15837323344326593,-0.19402985074626855,-0.23134328358208944,-0.26865671641791034,,,,41.01977491142116,0.3738271508304627,False
OHI,2022-01-03,2026-08-31,open,18140.31,55,0.5199468490925241,1.203223687088891,Real Estate,45.88701617726149,-0.29982205998068556,0.2300802957736181,0.17989497374343588,16.65608441388165,6.881896275010583,12.32496650736845,3,-0.1529255471331007,0.6831782269985118,,,0.21818181818181817,0.030585106382978733,-0.02127657799010574,-0.03590425531914887,-0.08665994826521273,-0.1302414315249104,-0.08465608465608487,-0.4814814814814816,-0.4814814814814816,17.0,11.0,3.0,38.196125545859644,0.04087997140570643,False
OLLI,2021-10-01,2025-07-01,replaced,10990.22,45,1.1772066699072097,1.1772066588204293,Consumer Discretionary,41.35535517535826,-0.45551441353275834,0.10463493670139723,0.08444444444444445,19.96026449645592,2.21297576148435,12.496900231065236,3,-0.28316370624941334,1.19889869479888,4.0,,0.37777777777777777,-0.28316370624941334,-0.1389955202048876,0.28783581353538756,-0.03044061833131495,0.11340601111385107,-0.5066225165562914,-0.20529801324503316,-0.5066225165562914,9.0,6.0,,36.012100729139725,-0.05763202106318954,False
ORA,2010-04-01,2017-07-03,replaced,10928.98,87,1.0251810653491775,1.1292823181014966,Utilities,41.0006301045192,-0.5063158001816064,0.19787759848815245,0.0,18.635761185197644,3.1142224542172348,9.443260237932678,3,-0.44532597710568966,1.0531217819166496,14.0,17.0,0.5977011494252874,0.006209040230905405,-0.12625043381489987,-0.3049327485846748,-0.09412392903084876,0.1399298019987676,-0.45695364238410596,-1.629139072847682,-4.291390728476822,12.0,12.0,14.0,30.238794345954403,-0.006022004802131775,False
OVV,2020-07-01,2021-04-01,replaced,10140.55,9,1.641188870569703,1.6959379973541204,Energy,32.9680560800993,-0.8655876174448863,0.3878177785360859,0.03571428571428571,2.7130682360042226,0.3001919612003689,2.493546701917945,5,-0.1337579779817294,1.528662387985586,,,0.2222222222222222,0.5244160994349518,,,,,,,-7.667613636363636,3.0,8.0,,32.93429622161051,,False
PAG,2016-07-01,2021-04-01,replaced,9199.9,57,1.5446822764814985,1.8903949458320155,Consumer Discretionary,36.83495240158134,-0.41966427567264564,0.10949309485180647,0.06769825918762089,8.50270245526288,0.14305036790517983,6.327777126091565,13,-0.11894273127753308,1.5248583342910487,,,0.017543859649122806,0.6312146051789771,0.3816865905416018,0.47419756054503104,0.038131923002455936,0.0823411042944786,0.09459459459459452,1.0108108108108107,0.013513513513513375,,37.0,45.0,31.634731435838788,-0.03790794761076699,False
PCTY,2024-01-02,2026-08-31,open,25972.25,31,-0.015847658349489424,-0.015847676797858812,Industrials,42.64206114496981,-0.4818969626750307,0.34046572621219306,0.04513163290007361,61.878907680511475,7.24159191339629,34.27622421503333,3,-0.3579238404220094,0.27481568357575425,25.0,25.0,0.5483870967741935,-0.07819405820504455,0.2624078886514798,-0.1708845471281385,0.1686821577781652,0.13298846248148166,0.5234375,0.5625,0.15625000000000022,,,25.0,31.434455437801418,-0.00440177395214747,False
PODD,2026-07-01,2026-08-31,open,2028.2,2,-0.06965389785274811,-0.06965385876256458,Health Care,35.45467140235219,-0.5684768526743663,0.3192050570739915,0.008590579679577494,35.572429906542055,3.713227997690615,18.669487999503215,5,-0.06965389785274811,0.034795707513083585,,,0.5,,,,,,,,0.0,,,,36.07255556179826,,False
PYPL,2024-07-01,2026-08-31,open,9330.21,26,-0.0889984273390877,-0.08110882148534293,Financials,37.02456017126685,-0.8119145658156635,0.08388245770258229,0.006172839506172839,14.617128155994179,2.0842497229332477,9.385172265143476,20,-0.25307039776551155,0.5322608861971057,20.0,,0.3076923076923077,0.47638814174227795,0.28559072296876353,-0.25307039776551155,0.04794610581662839,0.05785694126501295,0.12090680100755669,0.34256926952141065,0.005037783375315019,,,20.0,32.650008832576106,-0.1315629827987964,False
QCOM,2009-01-02,2021-01-04,replaced,7652.76,143,3.008097165991903,4.47251605155707,Information Technology,42.14033612476283,-0.38708533099655773,0.2560027054447074,0.023809523809523808,18.18421012476871,5.157252198372745,12.195677017264481,3,-0.11363022530127143,3.111740791845901,,,0.027972027972027972,0.24723344357551036,0.05775974700968911,0.4609986793013561,-0.06776162268892483,0.05728314238952548,-0.3421052631578947,0.03157894736842115,-2.78421052631579,8.0,11.0,17.0,33.82973844334664,-0.003923404804960007,False
REGN,2018-04-02,2022-04-01,replaced,5837.92,47,1.101978512493477,1.1019787561265617,Health Care,38.7669037634157,-0.4873734298438823,0.20817101048940767,0.04259549973835688,29.36943836322836,5.994194685990373,15.18573182253795,7,-0.16081802427249403,1.11283876727419,,,0.14893617021276595,0.02625844093167662,0.03805667548535063,0.5908761038323225,-0.12373959657894695,0.2744092039800996,1.0589941972920696,0.7852998065764025,0.0,,10.0,16.0,38.29352174530445,-0.011161387631975939,False
REXR,2025-01-02,2026-08-31,open,8956.89,19,-0.03591876846623265,0.0344206605994406,Real Estate,40.159720997414844,-0.5151442934476548,0.1800928996276705,0.04223990481148211,33.0569104450505,10.515426628295064,,6,-0.14809995985850266,0.0830296879321073,,,0.5789473684210527,-0.04919316035146071,0.05491928108529098,,0.10398291031343998,,0.15447154471544722,,-2.4471544715447155,13.0,,3.0,33.905215296484855,,False
ROK,2009-01-02,2026-08-31,open,7652.76,211,11.468566177314376,17.078968212088295,Industrials,29.153610869136017,-0.6684914079714397,0.13867183596794508,0.2857142857142857,6.694087638953045,0.6785961283757377,4.231259885812232,4,-0.4095182026595262,13.544065410466088,1.0,1.0,0.023696682464454975,0.2165099837665132,0.41715633603016444,1.3798473012993675,-0.23961880023868865,0.121061742642816,-0.6015424164524421,-0.17223650385604106,-0.6786632390745502,8.0,11.0,1.0,26.35296943890164,-0.028897149911391806,False
RRC,2015-07-01,2026-08-31,open,9374.91,134,-0.13592639701329534,-0.07382892253407813,Energy,38.371043929893425,-0.47299890420069435,0.2736075109854763,0.0078125,13.168000284830729,3.409820024569975,,3,-0.9523212051152286,-0.05520701996704769,3.0,3.0,1.0,-0.4853617605530832,-0.09786701401822595,-0.51547469518415,-0.39672067223627805,0.05352723236383827,-2.336,-1.4,-3.765333333333333,1.0,1.0,3.0,24.252822848508288,0.022583770818607185,False
RYN,2014-01-02,2026-08-31,open,12471.92,151,-0.35488743572476034,0.1823385981354333,Real Estate,43.27038953329217,-0.26612501067141137,-1.194757439787521,0.03389830508474576,10.265331156831778,,,14,-0.35488743572476034,0.359456744823033,18.0,20.0,0.6688741721854304,0.07183096708009518,-0.0763876093868685,-0.3363207766340893,,-0.2008878959399778,-0.5900640133593099,-0.8913048520270896,-0.953416365154467,3.0,14.0,19.0,29.330562645436984,0.11887713077223694,True
SBUX,2009-01-02,2009-10-01,replaced,7652.76,8,1.0294714749343998,1.0294711019237899,Consumer Discretionary,24.97347878253214,-0.7617966357316514,0.10322477819688669,0.30952380952380953,21.953487396240234,0.6670832392866989,6.499301040701726,6,-0.07012198998676078,1.0985771970051093,,,0.125,0.7987805653393754,,,,,,,-0.2325581395348837,,,,24.614449171454382,,False
SGI,2022-07-01,2024-01-02,replaced,22028.49,18,1.3349011942449875,1.3763098428694378,Consumer Discretionary,37.133261363305905,-0.56906632842351,0.3150604109483621,0.016666666666666666,6.8274763064643444,0.8319758994729887,6.240363814488645,19,0.1354656345083931,1.397460076232508,,,0.0,0.6147696063525252,0.8847600985335944,,-0.046171852140836855,,-0.2587859424920128,,-0.29073482428115016,,9.0,,42.445210218885585,,False
SSD,2023-01-03,2024-01-02,replaced,21972.49,11,1.1185735361603726,1.138075154166537,Industrials,54.26486062419199,-0.22981236090221602,0.42142737812362374,0.12574850299401197,13.388750076293945,2.2510698458062066,9.011678948173554,8,0.17982936567875263,1.1656092291351894,,,0.0,0.7282870269087727,,,,,,,-0.046250000000000124,,,,54.58813789956461,,False
ST,2016-07-01,2026-08-31,open,16413.38,122,0.16067889050344775,0.22991657061309634,Industrials,38.45643958200285,-0.4052165107329493,0.15789487805943825,0.063746695505888,16.078340732556885,1.9850423017650103,13.261722349309283,7,-0.3946251875946174,0.7451201874599427,102.0,105.0,0.1721311475409836,0.10183877688654741,0.2084865974739214,0.34596893440041554,0.06362003757251755,0.053764227313329194,-0.2626728110599078,0.13824884792626735,-1.23963133640553,46.0,40.0,45.0,30.424544820548334,0.006119189389777846,False
STWD,2023-04-03,2026-08-31,open,1621.17,40,-0.10795455629175366,0.2352198274526376,Financials,42.062865660737245,-0.3359317358946651,0.2517998646255666,0.02734027077649072,6.529196857535926,3.8847338538126985,2.9442039876423687,11,-0.10795455629175366,0.19431820782748122,,,0.15,0.008522727272727293,0.0778408700769595,0.0903409394350918,0.399525914921391,-0.05027786612862628,-0.6094890510948905,-0.5985401459854014,-0.7846715328467154,1.0,22.0,35.0,35.19794127596835,0.028784970100326213,False
SWX,2021-01-04,2026-08-31,open,15095.29,67,0.48603636997063737,0.8110939297734332,Utilities,35.28028641032185,-0.34925114519580813,0.0570540348426678,0.06779661016949153,15.103274328582533,1.030100182467233,8.231327968748353,19,-0.05787348586810226,0.5822678844508378,,,0.07462686567164178,0.1764804896563894,0.14703903608976754,0.12600942639932344,0.08573461225575563,0.31720997440531673,0.012594458438287104,-0.420654911838791,-1.9471032745591939,19.0,43.0,27.0,37.245196815945675,0.1525903419413841,False
TAP,2018-01-02,2026-08-31,open,7973.03,103,-0.5165369853899173,-0.38227393189230274,Consumer Staples,45.93047217318155,-0.24476407511850418,3.1527041974733656,0.016879165459287165,7.979106993643533,1.052493554039506,5.587508698367682,1,-0.591926053340333,-0.07283560311284043,4.0,11.0,1.0,-0.1853112840466925,-0.19005349452393527,-0.3241731294862027,-0.05193394176445021,-0.04308961723584692,,,-2.085470085470085,2.0,11.0,16.0,28.804883998428252,0.34159842072291746,True
THO,2018-10-01,2026-08-31,open,12562.64,95,-0.0794573643410853,0.09485422016023404,Consumer Discretionary,41.32907977527024,-0.4669469196867041,0.14929821530486187,0.018518518518518517,10.28255490764646,0.5310480971852414,5.670742571942475,15,-0.4890988335128903,0.7149951106818146,3.0,3.0,0.4105263157894737,-0.2445494315420934,-0.31395349576491716,0.15382754525472975,-0.05572770695417606,0.03854854783834427,-0.6965601965601966,-0.5061425061425062,-0.7002457002457002,6.0,6.0,11.0,30.536675083206845,0.04961889409863729,False
TOL,2019-04-01,2023-07-03,replaced,4114.93,51,1.181265610428468,1.3081868687111777,Consumer Discretionary,48.556991786265115,-0.31100113947198027,0.22840700815021964,0.011513157894736843,7.4639176830803,0.781735376002688,5.424618723329997,15,-0.46808510638297873,1.1848576870633938,12.0,12.0,0.13725490196078433,0.1342912195927204,-0.46808510638297873,0.5675600868260937,-0.0189272335138142,0.0163215342809504,-0.24123711340206166,-0.22680412371134018,-0.3257731958762885,15.0,12.0,12.0,30.297833576520446,-0.15942175665964042,False
TPL,2020-04-01,2021-01-04,replaced,578.7,9,1.0093467128903821,1.0392110506439747,Energy,37.97835152205822,-0.5782540332346061,0.633788555059623,0.0,9.24823516823422,6.0095729602299635,6.472857842633174,3,0.19624327402370456,0.9308382962235102,,,0.0,0.19929754119351628,,,,,,,-0.25894378194207834,,,,42.18890384461176,,False
TROW,2015-10-01,2021-01-04,replaced,752.08,63,1.153229369316318,1.497990297723986,Financials,39.78614267803593,-0.20653039267299367,0.10378087447709894,0.006329113924050633,14.818763326226014,4.5150975402796485,,15,-0.06677355100990723,1.2071730483984315,,,0.06349206349206349,0.07100159038449716,-0.030470914127423865,0.3216212498305715,,,-0.10234541577825174,0.24093816631130083,-0.10234541577825174,,,,36.59123808001504,-0.06314970696993905,False
TTD,2025-10-01,2026-08-31,open,2689.79,11,-0.7218167018039576,-0.7218167000826518,Communication Services,40.327901202841666,-0.6486990161903294,0.231840490402627,0.11614335291894307,59.04819074883518,9.1951256887678,38.831800767769906,6,-0.7218167018039576,0.019464695443975666,3.0,4.0,0.9090909090909091,-0.5399432170710134,,,,,,,0.0,,,2.0,30.937724279693413,,True
UNM,2021-04-01,2024-10-01,replaced,22785.56,42,1.0923952049792192,1.369963047155017,Financials,53.1592556104625,-0.5250042694789647,0.09694221970347283,0.2760084925690021,7.154241625631375,0.43103407580292513,6.969516202500933,4,-0.17910446405580216,1.1122956157323731,,,0.19047619047619047,-0.10945275529700138,0.11975835923531775,0.40582805164502544,-0.08769877147263738,-0.0019737170838954876,0.23136246786632397,0.7892030848329048,-0.1182519280205655,,12.0,,44.133869752855446,-0.008202519169166922,False
UTHR,2011-10-03,2013-10-01,replaced,7114.74,23,1.2112335065653554,1.211233560971289,Health Care,42.25855394923801,-0.3814709840192775,0.4886343940939657,0.043750000000000004,19.26431697895874,3.9623291953016766,9.525563270620763,8,0.09943563148111023,1.1190539767299406,,,0.0,0.17575920451491522,0.22735818782438355,,0.21839071989766068,,1.140969162995595,,0.0,,,,40.25493193246638,,False
