t,name,sec,g,v,rev_yoy,val,pe_p,ps_p,ev_p,rsi,min_rsi6,dd5,mcap_b,pe,ps,eve,eps_now,eps_1y,eps_chg,nd_ebitda,q_end,close,rev_qoq,jump
CELH,Celsius Holdings,Consumer Stapl,1,,0.8285691997503721,0.34186351706036744,0.42857142857142855,0.2755905511811024,0.32142857142857145,41.6,41.595077081342204,-0.7088,15.058270001864432,116.62499904632568,4.941554320965044,86.68583467381745,0.24,0.3799999999999999,-0.36842105263157876,0.2503587541758986,2026-06-30,27.99,0.026499288555444256,1.2756456723152994
AMCR,Amcor,Materials,2,7.0,0.5661269904723831,0.2035257125215706,0.2358490566037736,0.13761467889908258,0.23711340206185566,46.0,38.6727959070744,-0.3698,19.754646278830137,17.861343832576978,0.8404086734803937,9.626005411139769,2.38,1.5999999999999999,0.48750000000000004,3.77797513321492,2026-06-30,42.51,0.059305993690851766,1.1593710440402425
DKS,Dick's Sporting Goods,Consumer Discr,3,,0.5353584919333061,0.32218200136591624,0.43434343434343436,0.23444976076555024,0.29775280898876405,35.4,34.94397646787442,-0.4544,12.627951086971457,15.058498087834572,0.5972033055232372,6.627666569524981,9.060000000000002,13.989999999999998,-0.3523945675482485,-0.5169733947694787,2026-08-01,136.43,0.10102600126936045,1.1567190529416171
BRO,Brown & Brown,Financials,4,,0.34216248270409166,0.33408524729614775,0.15865384615384615,0.3459715639810427,0.4976303317535545,38.1,31.253864255874007,-0.5112,23.414728317016987,19.4313098066531,3.448413596026066,15.015249785120092,3.130000000000001,3.4699999999999998,-0.0979827089337173,3.3950372208436725,2026-06-30,60.82,0.06110329739021725,1.0842087427990512
ELF,e.l.f. Beauty,Consumer Stapl,5,,0.31228295944455486,0.5692420451386256,0.8,0.4214876033057851,0.48623853211009177,50.9,39.61356687251903,-0.5435,6.052442027889953,101.54081850635762,3.4347774923244985,29.777707585756087,0.9800000000000001,1.69,-0.4201183431952662,2.2207627234399046,2026-06-30,99.51,0.0767712493705972,1.096839727490546
PODD,Insulet Corporation,Health Care,6,1.0,0.2940877304513667,0.0,0.0,0.0,0.0,34.6,33.990527998413825,-0.6142,9.585289086776648,25.540338627169323,3.1392182769295367,16.2581936370352,5.33,3.2800000000000007,0.6249999999999998,0.6723577235772358,2026-06-30,136.13,0.052606177606177695,1.0738758029978586
DUOL,Duolingo,Consumer Discr,7,6.0,0.2935653989371316,0.1736282156540777,0.21875,0.09523809523809523,0.20689655172413793,42.9,38.29612180202045,-0.7346,6.968020914134574,16.9633563246851,6.085597155406344,35.633744529971636,8.459999999999999,2.4399999999999995,2.4672131147540988,-7.271203034370651,2026-06-30,143.51,0.04203535997480912,1.0911448766909841
AJG,Arthur J. Gallagher & Co.,Financials,8,,0.2632507417207923,0.741327639872992,0.8,0.7061611374407583,0.7178217821782178,45.4,36.9119890618714,-0.3374,60.093666595408365,38.32504247156146,3.8145021325002135,25.238694613779145,6.03,6.610000000000001,-0.08774583963691385,4.226923076923077,2026-06-30,231.1,0.05216055566686695,1.0739492181896428
FICO,Fair Isaac,Information Te,9,,0.24088418068698303,0.43920066144010866,0.3222748815165877,0.6261682242990654,0.3691588785046729,36.6,36.5935188732712,-0.6377,20.365751141217828,24.988130482208135,8.50850762613155,20.61037599642147,34.53999999999999,25.560000000000002,0.35133020344287913,4.277661937719038,2026-06-30,863.09,0.061074952500263846,1.0935313108984615
NOW,ServiceNow,Information Te,10,3.0,0.22186281827983745,0.15992248062015504,0.16279069767441862,0.1569767441860465,0.16,48.3,29.811755694228296,-0.4206,141.55336990356446,84.76249694824219,9.608564343168915,63.92490920919188,1.6,1.59,0.0062893081761006275,1.2629482071713147,2026-06-30,135.62,0.05530085959885378,1.0553008595988538
CSGP,CoStar Group,Real Estate,11,9.0,0.21968787515005994,0.2522926497114681,0.7202072538860104,0.005025125628140704,0.03164556962025317,28.0,25.883998313510233,-0.7184,11.470083395640057,156.05555640326605,3.2255577603037278,28.421531461015373,0.18,0.26,-0.3076923076923077,-0.6903553299492385,2026-06-30,28.09,0.042203985932004695,1.0623261900867005
ISRG,Intuitive Surgical,Health Care,12,,0.20660470202296333,0.4798206278026906,0.45739910313901344,0.5022421524663677,,44.6,37.12230915103294,-0.3363,145.84621112508512,46.46559549034189,13.217412013800942,,8.72,7.17,0.21617852161785223,,2026-06-30,405.18,0.04274198883019431,1.0616761367247582
APPF,AppFolio,Information Te,13,5.0,0.2065774556785065,0.16620246583481876,0.3068181818181818,0.13970588235294118,0.052083333333333336,50.1,38.66500501962757,-0.3643,7.328102130363307,46.51936246485264,7.040274584524204,35.045693552244515,4.390000000000001,5.54,-0.20758122743682306,-1.0714792654437204,2026-06-30,204.22,0.04576252795544011,1.0558016826506942
GEN,Gen Digital,Information Te,14,10.0,0.2015613910574876,0.2560530679933665,0.263681592039801,0.43781094527363185,0.06666666666666667,44.4,35.72455487574473,-0.3277,13.313368937843721,12.643275344580934,2.621257912550447,8.00971989955698,1.7100000000000002,0.96,0.7812500000000002,2.9088122605363984,2026-07-03,21.62,0.015800000000000036,1.0742058449809402
FIS,Fidelity National Informatio,Financials,15,2.0,0.18251429679170306,0.033053815585640196,0.00510204081632653,0.0,0.09405940594059406,29.2,27.301794397186356,-0.7168,18.34684016671598,5.439324093304472,1.5038393579275393,8.313484159460053,6.51,0.18999999999999995,33.26315789473685,3.8989412897016362,2026-06-30,35.41,0.06643356643356646,1.0714620211669945
ADSK,Autodesk,Information Te,16,,0.17940953822861472,0.27127322653916525,0.1317365269461078,0.44144144144144143,0.24064171122994651,40.9,32.56003150456857,-0.3724,44.538185230314426,27.124351540995388,5.71735368810198,19.570555410488147,7.720000000000001,4.81,0.6049896049896053,-0.29482604817127567,2026-07-31,209.4,0.03769814839483154,1.0461672473867596
DT,Dynatrace,Information Te,17,,0.17940783830816098,0.2732868757259001,0.5428571428571428,0.13414634146341464,0.14285714285714285,62.7,36.211970579675,-0.2642,17.581566631469727,115.9000015258789,8.389809166252173,60.42456287037344,0.5,1.62,-0.691358024691358,-4.0674942043020215,2026-06-30,57.95,0.03824786822348747,1.0459938670134452
CXT,Crane NXT,Information Te,18,,0.172770441683471,0.572556625025724,0.6582914572864321,0.5497630331753555,0.5096153846153846,46.9,38.98226774936606,-0.3075,2.766576930274648,19.71900876888559,1.5345149094651107,10.525268945315695,2.42,2.6100000000000003,-0.07279693486590055,3.2255936675461743,2026-06-30,47.72,0.05180561227466307,1.051805612274663
PINS,Pinterest,Communication ,19,8.0,0.16642317750539082,0.23619528619528618,0.43636363636363634,0.022222222222222223,0.25,39.6,38.789771155344184,-0.6985,13.837134426599393,55.58823417214788,3.03731011269336,48.68629827690212,0.33999999999999997,2.76,-0.8768115942028986,-4.941017114687006,2026-06-30,18.9,0.041475731049566145,1.049770563884815
VEEV,Veeva Systems,Health Care,20,4.0,0.16504217851996672,0.16396430367018602,0.05228758169934641,0.27564102564102566,,60.6,35.417552982546596,-0.137,46.692819266817686,46.01311355340677,13.502456919039798,,6.1,4.860000000000001,0.2551440329218102,,2026-07-31,280.68,0.04184180842705021,1.0418418084270502
