signal_week,rsi,entry_date,entry_px,ret_2m,ret_3m,ret_4m,ret_5m,ret_6m,ret_7m,ret_8m,ret_9m,ret_10m,best_in_window,best_date,worst_in_window,worst_date,mean_in_window,max_dd_pre_window,max_dd_to_10m,complete
2018-08-15,14.9,2018-08-16,18.27,0.1390256674623871,0.14012038324030418,0.21401202788424611,0.37602620469368553,0.5922276641337663,0.41379306384909387,0.2315270627395538,0.25123152915069613,0.12698410709882357,0.7044334214242332,2019-03-04,-0.06130272639141965,2018-11-13,0.27596425161778865,-0.057471325566551434,-0.06130272639141965,True
2019-11-20,28.83,2019-11-21,32.65,0.20490040778118757,0.05880545418729888,0.04441031793192707,0.5601836522529142,0.8376721958938671,1.5050535097433086,1.5292495550298972,1.572741074251414,1.449004451687241,1.984992175489619,2020-08-05,-0.026952558253871217,2020-03-18,0.8976848022289351,-0.032771869897915806,-0.032771869897915806,True
2020-09-25,31.27,2020-09-28,75.61,0.835868224283411,0.9018648577033677,1.2399153451027076,1.4619758285122817,0.7395846808297666,0.8829519106986492,0.6516333321695671,0.6520301898398382,0.2153154165835045,1.6824494866681858,2021-02-17,0.051844969412798037,2021-07-27,0.9068794470330411,-0.05568045298886393,-0.05568045298886393,True
2020-09-29,31.5,2020-09-30,73.74,0.8824247569824637,1.4289395958655593,1.3590996983109283,1.5244100798644715,0.8367237098599323,0.816246223972088,0.8896121558792742,0.7225386536860043,0.2423379883953325,1.7504748196347553,2021-02-17,0.07851913592707227,2021-07-27,0.9467894451653794,-0.031733067611605215,-0.031733067611605215,True
2020-10-02,29.21,2020-10-05,72.2,1.0331024860203493,1.5927978512580787,1.7168976724850835,1.172022353915581,0.9793630152721042,0.8159280630488119,0.77188373563069,0.5664820395380179,0.22908589493964016,1.8091414944188124,2021-02-17,0.10152357535844958,2021-07-27,0.9709830424585258,-0.0018005160514225071,-0.0018005160514225071,True
2021-03-08,29.01,2021-03-09,145.7,-0.1654083663617527,-0.13850377987546858,-0.23768015084941818,-0.3636925118302745,-0.28428276620801285,-0.34914204655239867,-0.4286890898608643,-0.5732326588361953,-0.6088537894842121,-0.039807846075783915,2021-06-02,-0.6669183267276494,2022-01-05,-0.34657312395482387,-0.1477007350296038,-0.6669183267276494,True
2021-03-24,30.09,2021-03-25,121.32,0.07830537135914462,0.05176392017057352,-0.2687932796932143,-0.19353777955816553,-0.20606660124370701,-0.17045829506425592,-0.435707226700617,-0.5304978632727222,-0.5095614890399773,0.15314865025055568,2021-06-02,-0.5999835237275617,2022-01-05,-0.24887996730344028,-0.05019779387742973,-0.5999835237275617,True
2021-07-23,30.09,2021-07-26,89.74,0.0733229550667418,0.038444446843803215,-0.23712947722152988,-0.36527746333422917,-0.39737014577210894,-0.42210829234609504,-0.5133719722699472,-0.6117673168938893,-0.532761295929292,0.12146202123188954,2021-10-25,-0.7155114631783086,2022-03-14,-0.33035473764665085,-0.1677066612505389,-0.7155114631783086,True
2021-08-16,31.55,2021-08-17,79.0,0.2278481012658229,0.13632907143122042,-0.26506327375580996,-0.22113925595826733,-0.2450632988652096,-0.5016455831406992,-0.49354432504388346,-0.4916455715517455,-0.25316455696202533,0.2739240429069423,2021-10-25,-0.6768354343462594,2022-03-14,-0.2796974024980865,-0.05455693112143989,-0.6768354343462594,True
2021-08-19,27.34,2021-08-20,77.69,0.27944392331363765,0.023555079729085326,-0.2948899850967064,-0.14892520699237077,-0.29978118398300535,-0.4852619330443807,-0.5197580100292802,-0.47354871617199834,-0.188441276152452,0.2954047654400713,2021-10-25,-0.671386280288764,2022-03-14,-0.27377272589499796,-0.005148687261022911,-0.671386280288764,True
2021-11-26,28.87,2021-11-29,68.17,-0.12219448789940168,-0.23925477477896917,-0.35015402043473565,-0.36790375077027004,-0.26140531279846924,-0.07481294720709541,-0.2810620560664824,-0.031245376421152438,-0.10855211837973455,0.05897028576263397,2022-09-02,-0.6254950656830787,2022-03-14,-0.24392884859681802,-0.2881032700187953,-0.6254950656830787,True
2021-11-30,30.35,2021-12-01,68.42,-0.12890967452301794,-0.2548962159227989,-0.37664421708159257,-0.3472668657906727,-0.2838351167591776,-0.0526161732017566,-0.3029815857499589,0.0438468295861727,-0.08433201984044059,0.05510091162457931,2022-09-02,-0.6268634701859266,2022-03-14,-0.24645308505797575,-0.29070447123566523,-0.6268634701859266,True
2021-12-16,31.73,2021-12-17,55.35,0.07750679374513703,-0.2887082201042477,-0.27714544851812606,-0.27443539377532356,0.06594402215901551,-0.004155366731290133,-0.1416440897690987,0.18861793548716155,0.0023487095157919136,0.3042457891874868,2022-09-02,-0.5387533624127909,2022-03-14,-0.06836189636885096,-0.12321589670888422,-0.5387533624127909,True
2021-12-20,30.6,2021-12-21,56.0,-0.028571401323590928,-0.2858928271702358,-0.3794642857142857,-0.27767855780465267,0.12589284351893837,-0.0035714421953473297,-0.1441071374075753,0.11589288711547852,0.053035736083984375,0.28910718645368294,2022-09-02,-0.544107130595616,2022-03-14,-0.0782333057206864,-0.13339287894112706,-0.544107130595616,True
2022-01-05,31.31,2022-01-06,49.05,-0.21284401201011371,-0.07665643995958049,-0.22140674371603486,0.09582060827818095,0.25769621990326286,-0.028134578788587494,0.3582059894558811,0.3304791672029668,0.2583078935925762,0.47176357929200297,2022-09-02,-0.4795106812691673,2022-03-14,0.05641303916750599,-0.15861363711130427,-0.4795106812691673,True
2022-03-03,31.17,2022-03-04,44.4,0.021396326927792364,0.2105855439818256,0.5004504607449622,0.15450442702475797,0.5004504607449622,0.49707204811604644,0.3939188572679517,0.977477478251501,1.050900775431701,1.0520269702524074,2022-12-08,-0.23783786059412704,2022-05-11,0.3708885938199834,-0.42500000429583007,-0.42500000429583007,True
2022-03-10,28.48,2022-03-11,37.07,-0.0871324404862972,0.4677636982826556,0.47558676054094406,0.33854867387044507,0.9304018923039021,0.502832466768296,0.7582951400530045,1.3218235878982614,1.5093066471229033,1.5886161282561533,2023-01-06,-0.0871324404862972,2022-05-11,0.6866044384423774,-0.3113029161904727,-0.3113029161904727,True
2023-03-27,31.65,2023-03-28,72.87,-0.07190895149801324,-0.03650341103128529,0.22615610136383668,0.10827499783535433,0.31206253611450774,0.43076709491575804,0.9075064465606844,0.9946480118711574,0.7860572113480409,1.0767118996458778,2024-01-11,-0.10360920498403503,2023-05-31,0.42620722392075594,-0.17634145470676665,-0.17634145470676665,True
2023-04-12,29.02,2023-04-13,68.03,0.13861532374517038,0.18962225132076105,0.1972658887218639,0.4443628384443439,0.5596060617071452,0.605615247933458,1.1521388547586655,1.1043658125961384,0.8968101661263399,1.2244598639785358,2024-01-11,-0.004997741349277995,2023-07-06,0.5802104620041033,-0.11774215001119237,-0.11774215001119237,True
2023-04-14,31.78,2023-04-17,69.34,0.07182006951177589,0.14075573480953807,0.14883195658000647,0.4394289418797228,0.5121142776413177,0.6606577387855377,1.1403232117133988,1.050043285318245,0.8935680701789903,1.1824345229790687,2024-01-11,-0.023795702100185112,2023-07-06,0.5669476261795792,-0.13441010055309266,-0.13441010055309266,True
2023-04-25,29.55,2023-04-26,66.29,0.04963042495232051,0.26881881805269625,0.218283316048556,0.41695578530568733,0.6228692162509206,0.7758334529322528,1.1906773150562397,1.1386333129353394,0.9079801117834609,1.2828480878118094,2024-01-11,0.021119346908184733,2023-07-06,0.6611946001421368,-0.09458440746973995,-0.09458440746973995,True
2023-05-08,31.42,2023-05-09,59.8,0.17290970375430637,0.39598669601984815,0.6287625881024439,0.7886287700516406,0.811538515270048,1.3914715105582594,1.5163879205249278,1.1317726585843988,0.8710702477786245,1.530602069594496,2024-01-11,0.17290970375430637,2023-07-10,0.8871930318927498,0.003678950225918687,0.003678950225918687,True
2024-01-29,31.77,2024-01-30,125.05,-0.04710115350585453,0.0010395621770931118,0.2157536590892537,0.06341457402843131,-0.015113949168527041,-0.2314274429040043,0.0780487346553389,-0.033426630972936966,-0.20847660182810168,0.2600560054284926,2024-05-24,-0.2869252619527075,2024-08-28,0.022164756315992705,-0.11763299763998203,-0.2869252619527075,True
2024-03-08,27.15,2024-03-11,114.21,0.23036516416157848,0.2864897456754907,0.21915774984096248,0.2474389489779143,-0.16574731159199696,0.26748967399752543,0.025742075693667932,-0.0944750985204611,-0.1596182109594072,0.3796515943203529,2024-05-24,-0.21924525975179388,2024-08-28,0.08515672504818546,-0.02031345515648142,-0.21924525975179388,True
2024-07-30,29.24,2024-07-31,127.46,0.05766513829370079,-0.053899284449461016,-0.2234426167590372,-0.23905540122049973,-0.12199902349016734,-0.10803386742487353,-0.07147340872263785,-0.171740150218745,-0.24337044457773982,0.21034054119379264,2024-10-04,-0.30684136898849224,2025-04-10,-0.11089494756361398,-0.30040798046884565,-0.30684136898849224,True
2024-08-26,24.67,2024-08-27,99.99,0.2580258386134662,-0.011901138488201735,-0.025402549952925457,0.1089108873118032,0.18691872027910517,0.24372440511284688,0.031003085712079548,0.029903045875026235,0.0515051668757458,0.31353134457342047,2025-02-21,-0.11641163754705985,2025-04-10,0.09297197048603165,-0.10821082034190876,-0.11641163754705985,True
2024-11-21,31.16,2024-11-22,102.1,0.009598465931240696,0.17306560659179704,0.25484815898074276,-0.036826662021777645,0.1733594989438032,-0.0014691628611229746,0.12673851748084108,0.24495595014694982,0.2592557222888394,0.3208619258161305,2025-09-17,-0.13467189231628796,2025-04-10,0.10710323079794862,-0.07551419392456582,-0.13467189231628796,True
2025-04-07,30.48,2025-04-08,101.48,0.001379576123544668,0.047595526624804485,0.12593612885827432,0.23206537882671685,0.3181907750037647,0.36115491046024695,0.15904610618586168,0.19826561343735705,0.04030347066017481,0.36115491046024695,2025-11-10,-0.00886875735225745,2025-06-13,0.16173368363576088,-0.12938514434839532,-0.12938514434839532,True
2025-04-16,31.84,2025-04-17,93.75,0.09365332031250007,0.1514666341145834,0.26229329427083337,0.43850667317708325,0.37045328776041675,0.3764265950520833,0.1200000000000001,0.11423999023437492,0.08618668619791658,0.47338671875000005,2025-11-10,0.06901334635416667,2026-02-12,0.2577720632401724,-0.000639973958333484,-0.000639973958333484,True
2025-11-18,26.98,2025-11-19,119.55,-0.12622336747872853,-0.1472187842261775,-0.1850272035292665,-0.12839820754224485,-0.18578005978177692,-0.3466332194359315,-0.2802174750718872,-0.2455040180200485,,,,,,,-0.12170642141647237,-0.38686740961417276,False
2025-12-11,27.84,2025-12-12,111.97,-0.10493882175494196,-0.09243545915231599,-0.09975884654076439,-0.14503882903206378,-0.27159063437150877,-0.24479774371067253,-0.20478699700983882,-0.29106013764389693,,,,,,,-0.10493882175494196,-0.34536034426509654,False
2026-01-20,30.93,2026-01-21,108.73,-0.11477975693576359,-0.08957974057252682,-0.10061622462654529,-0.2816150262229292,-0.21981054711661452,-0.18716090752532777,,,,,,,,,-0.11533156008798828,-0.32585302318871356,False
2026-01-28,30.92,2026-01-29,103.19,-0.04622544974906295,-0.05349359571529522,-0.1817036491558054,-0.2582614681205323,-0.1441031339739095,-0.18596765178199104,,,,,,,,,-0.06783602901816743,-0.2896598379927424,False
2026-05-28,29.29,2026-05-29,83.03,0.0637119233204948,0.01168253926248397,,,,,,,,,,,,,-0.11718650934106956,-0.11718650934106956,False
2026-06-11,31.69,2026-06-12,81.86,0.08771072870316887,-0.030295667462039932,,,,,,,,,,,,,-0.10456874535511917,-0.10456874535511917,False
2026-06-22,29.99,2026-06-23,76.95,0.13151401101924542,,,,,,,,,,,,,,-0.04743332087380614,-0.04743332087380614,False
2026-09-09,31.7,2026-09-10,78.36,,,,,,,,,,,,,,,-0.008039781119332234,-0.008039781119332234,False
