,equity
2018-07-26,10000.0
2018-07-27,10000.0
2018-07-30,10000.0
2018-07-31,10000.0
2018-08-01,10000.0
2018-08-02,10000.0
2018-08-03,10000.0
2018-08-06,10000.0
2018-08-07,10000.0
2018-08-08,10000.0
2018-08-09,10000.0
2018-08-10,10000.0
2018-08-13,10000.0
2018-08-14,10000.0
2018-08-15,10000.0
2018-08-16,10421.456178692357
2018-08-17,10399.56186313401
2018-08-20,10372.1950126645
2018-08-21,10262.725522829614
2018-08-22,10071.154437607778
2018-08-23,10021.89327157992
2018-08-24,9425.286744334486
2018-08-27,10492.610616300135
2018-08-28,10695.128859301147
2018-08-29,11576.354180956123
2018-08-30,9846.742923026843
2018-08-31,10591.132948355847
2018-09-04,11357.416245264774
2018-09-05,10290.092373299123
2018-09-06,10459.770186941038
2018-09-07,10711.548551991482
2018-09-10,10804.597305157607
2018-09-11,12900.9299968618
2018-09-12,12610.837623562675
2018-09-13,16398.466520969036
2018-09-14,16398.466520969036
2018-09-17,16398.466520969036
2018-09-18,16398.466520969036
2018-09-19,16398.466520969036
2018-09-20,16398.466520969036
2018-09-21,16398.466520969036
2018-09-24,16398.466520969036
2018-09-25,16398.466520969036
2018-09-26,16398.466520969036
2018-09-27,16398.466520969036
2018-09-28,16398.466520969036
2018-10-01,16398.466520969036
2018-10-02,16398.466520969036
2018-10-03,16398.466520969036
2018-10-04,16398.466520969036
2018-10-05,16398.466520969036
2018-10-08,16398.466520969036
2018-10-09,16398.466520969036
2018-10-10,16398.466520969036
2018-10-11,16398.466520969036
2018-10-12,16398.466520969036
2018-10-15,16398.466520969036
2018-10-16,16398.466520969036
2018-10-17,16398.466520969036
2018-10-18,16398.466520969036
2018-10-19,16398.466520969036
2018-10-22,16398.466520969036
2018-10-23,16398.466520969036
2018-10-24,16398.466520969036
2018-10-25,16398.466520969036
2018-10-26,16398.466520969036
2018-10-29,16398.466520969036
2018-10-30,16398.466520969036
2018-10-31,16398.466520969036
2018-11-01,16398.466520969036
2018-11-02,16398.466520969036
2018-11-05,16398.466520969036
2018-11-06,16398.466520969036
2018-11-07,16398.466520969036
2018-11-08,16398.466520969036
2018-11-09,16398.466520969036
2018-11-12,16398.466520969036
2018-11-13,16398.466520969036
2018-11-14,16398.466520969036
2018-11-15,16398.466520969036
2018-11-16,16398.466520969036
2018-11-19,16398.466520969036
2018-11-20,16398.466520969036
2018-11-21,16398.466520969036
2018-11-23,16398.466520969036
2018-11-26,16398.466520969036
2018-11-27,16398.466520969036
2018-11-28,16398.466520969036
2018-11-29,16398.466520969036
2018-11-30,16398.466520969036
2018-12-03,16398.466520969036
2018-12-04,16398.466520969036
2018-12-06,16398.466520969036
2018-12-07,16398.466520969036
2018-12-10,16398.466520969036
2018-12-11,16398.466520969036
2018-12-12,16398.466520969036
2018-12-13,16398.466520969036
2018-12-14,16398.466520969036
2018-12-17,16398.466520969036
2018-12-18,16398.466520969036
2018-12-19,16398.466520969036
2018-12-20,16398.466520969036
2018-12-21,16398.466520969036
2018-12-24,16398.466520969036
2018-12-26,16398.466520969036
2018-12-27,16398.466520969036
2018-12-28,16398.466520969036
2018-12-31,16398.466520969036
2019-01-02,16398.466520969036
2019-01-03,16398.466520969036
2019-01-04,16398.466520969036
2019-01-07,16398.466520969036
2019-01-08,16398.466520969036
2019-01-09,16398.466520969036
2019-01-10,16398.466520969036
2019-01-11,16398.466520969036
2019-01-14,16398.466520969036
2019-01-15,16398.466520969036
2019-01-16,16398.466520969036
2019-01-17,16398.466520969036
2019-01-18,16398.466520969036
2019-01-22,16398.466520969036
2019-01-23,16398.466520969036
2019-01-24,16398.466520969036
2019-01-25,16398.466520969036
2019-01-28,16398.466520969036
2019-01-29,16398.466520969036
2019-01-30,16398.466520969036
2019-01-31,16398.466520969036
2019-02-01,16398.466520969036
2019-02-04,16398.466520969036
2019-02-05,16398.466520969036
2019-02-06,16398.466520969036
2019-02-07,16398.466520969036
2019-02-08,16398.466520969036
2019-02-11,16398.466520969036
2019-02-12,16398.466520969036
2019-02-13,16398.466520969036
2019-02-14,16398.466520969036
2019-02-15,16398.466520969036
2019-02-19,16398.466520969036
2019-02-20,16398.466520969036
2019-02-21,16398.466520969036
2019-02-22,16398.466520969036
2019-02-25,16398.466520969036
2019-02-26,16398.466520969036
2019-02-27,16398.466520969036
2019-02-28,16398.466520969036
2019-03-01,16398.466520969036
2019-03-04,16398.466520969036
2019-03-05,16398.466520969036
2019-03-06,16398.466520969036
2019-03-07,16398.466520969036
2019-03-08,16398.466520969036
2019-03-11,16398.466520969036
2019-03-12,16398.466520969036
2019-03-13,16398.466520969036
2019-03-14,16398.466520969036
2019-03-15,16398.466520969036
2019-03-18,16398.466520969036
2019-03-19,16398.466520969036
2019-03-20,16398.466520969036
2019-03-21,16398.466520969036
2019-03-22,16398.466520969036
2019-03-25,16398.466520969036
2019-03-26,16398.466520969036
2019-03-27,16398.466520969036
2019-03-28,16398.466520969036
2019-03-29,16398.466520969036
2019-04-01,16398.466520969036
2019-04-02,16398.466520969036
2019-04-03,16398.466520969036
2019-04-04,16398.466520969036
2019-04-05,16398.466520969036
2019-04-08,16398.466520969036
2019-04-09,16398.466520969036
2019-04-10,16398.466520969036
2019-04-11,16398.466520969036
2019-04-12,16398.466520969036
2019-04-15,16398.466520969036
2019-04-16,16398.466520969036
2019-04-17,16398.466520969036
2019-04-18,16398.466520969036
2019-04-22,16398.466520969036
2019-04-23,16398.466520969036
2019-04-24,16398.466520969036
2019-04-25,16398.466520969036
2019-04-26,16398.466520969036
2019-04-29,16398.466520969036
2019-04-30,16398.466520969036
2019-05-01,16398.466520969036
2019-05-02,16398.466520969036
2019-05-03,16398.466520969036
2019-05-06,16398.466520969036
2019-05-07,16398.466520969036
2019-05-08,16398.466520969036
2019-05-09,16398.466520969036
2019-05-10,16398.466520969036
2019-05-13,16398.466520969036
2019-05-14,16398.466520969036
2019-05-15,16398.466520969036
2019-05-16,16398.466520969036
2019-05-17,16398.466520969036
2019-05-20,16398.466520969036
2019-05-21,16398.466520969036
2019-05-22,16398.466520969036
2019-05-23,16398.466520969036
2019-05-24,16398.466520969036
2019-05-28,16398.466520969036
2019-05-29,16398.466520969036
2019-05-30,16398.466520969036
2019-05-31,16398.466520969036
2019-06-03,16398.466520969036
2019-06-04,16398.466520969036
2019-06-05,16398.466520969036
2019-06-06,16398.466520969036
2019-06-07,16398.466520969036
2019-06-10,16398.466520969036
2019-06-11,16398.466520969036
2019-06-12,16398.466520969036
2019-06-13,16398.466520969036
2019-06-14,16398.466520969036
2019-06-17,16398.466520969036
2019-06-18,16398.466520969036
2019-06-19,16398.466520969036
2019-06-20,16398.466520969036
2019-06-21,16398.466520969036
2019-06-24,16398.466520969036
2019-06-25,16398.466520969036
2019-06-26,16398.466520969036
2019-06-27,16398.466520969036
2019-06-28,16398.466520969036
2019-07-01,16398.466520969036
2019-07-02,16398.466520969036
2019-07-03,16398.466520969036
2019-07-05,16398.466520969036
2019-07-08,16398.466520969036
2019-07-09,16398.466520969036
2019-07-10,16398.466520969036
2019-07-11,16398.466520969036
2019-07-12,16398.466520969036
2019-07-15,16398.466520969036
2019-07-16,16398.466520969036
2019-07-17,16398.466520969036
2019-07-18,16398.466520969036
2019-07-19,16398.466520969036
2019-07-22,16398.466520969036
2019-07-23,16398.466520969036
2019-07-24,16398.466520969036
2019-07-25,16398.466520969036
2019-07-26,16398.466520969036
2019-07-29,16398.466520969036
2019-07-30,16398.466520969036
2019-07-31,16398.466520969036
2019-08-01,16398.466520969036
2019-08-02,16398.466520969036
2019-08-05,16398.466520969036
2019-08-06,16398.466520969036
2019-08-07,16398.466520969036
2019-08-08,16398.466520969036
2019-08-09,16398.466520969036
2019-08-12,16398.466520969036
2019-08-13,16398.466520969036
2019-08-14,16398.466520969036
2019-08-15,16398.466520969036
2019-08-16,16398.466520969036
2019-08-19,16398.466520969036
2019-08-20,16398.466520969036
2019-08-21,16398.466520969036
2019-08-22,16398.466520969036
2019-08-23,16398.466520969036
2019-08-26,16398.466520969036
2019-08-27,16398.466520969036
2019-08-28,16398.466520969036
2019-08-29,16398.466520969036
2019-08-30,16398.466520969036
2019-09-03,16398.466520969036
2019-09-04,16398.466520969036
2019-09-05,16398.466520969036
2019-09-06,16398.466520969036
2019-09-09,16398.466520969036
2019-09-10,16398.466520969036
2019-09-11,16398.466520969036
2019-09-12,16398.466520969036
2019-09-13,16398.466520969036
2019-09-16,16398.466520969036
2019-09-17,16398.466520969036
2019-09-18,16398.466520969036
2019-09-19,16398.466520969036
2019-09-20,16398.466520969036
2019-09-23,16398.466520969036
2019-09-24,16398.466520969036
2019-09-25,16398.466520969036
2019-09-26,16398.466520969036
2019-09-27,16398.466520969036
2019-09-30,16398.466520969036
2019-10-01,16398.466520969036
2019-10-02,16398.466520969036
2019-10-03,16398.466520969036
2019-10-04,16398.466520969036
2019-10-07,16398.466520969036
2019-10-08,16398.466520969036
2019-10-09,16398.466520969036
2019-10-10,16398.466520969036
2019-10-11,16398.466520969036
2019-10-14,16398.466520969036
2019-10-15,16398.466520969036
2019-10-16,16398.466520969036
2019-10-17,16398.466520969036
2019-10-18,16398.466520969036
2019-10-21,16398.466520969036
2019-10-22,16398.466520969036
2019-10-23,16398.466520969036
2019-10-24,16398.466520969036
2019-10-25,16398.466520969036
2019-10-28,16398.466520969036
2019-10-29,16398.466520969036
2019-10-30,16398.466520969036
2019-10-31,16398.466520969036
2019-11-01,16398.466520969036
2019-11-04,16398.466520969036
2019-11-05,16398.466520969036
2019-11-06,16398.466520969036
2019-11-07,16398.466520969036
2019-11-08,16398.466520969036
2019-11-11,16398.466520969036
2019-11-12,16398.466520969036
2019-11-13,16398.466520969036
2019-11-14,16398.466520969036
2019-11-15,16398.466520969036
2019-11-18,16398.466520969036
2019-11-19,16398.466520969036
2019-11-20,16398.466520969036
2019-11-21,15861.05810961851
2019-11-22,17071.481731179334
2019-11-25,18342.17387027489
2019-11-26,18573.208456304616
2019-11-27,18010.68888112248
2019-11-29,18055.891466731086
2019-12-02,18101.094052339693
2019-12-03,18166.38518582717
2019-12-04,18005.665307203704
2019-12-05,18372.309565991323
2019-12-06,18844.423969956246
2019-12-09,18844.423969956246
2019-12-10,19150.796837311005
2019-12-11,18738.951908846862
2019-12-12,19130.706373500052
2019-12-13,18312.03817455846
2019-12-16,19427.034008949333
2019-12-17,19442.10089884151
2019-12-18,18944.874373078932
2019-12-19,18844.423969956246
2019-12-20,18764.064030644513
2019-12-23,19030.255970377366
2019-12-24,19105.5942517024
2019-12-26,19371.78619143525
2019-12-27,19708.29475450644
2019-12-30,19160.842069216484
2019-12-31,18995.098616674237
2020-01-02,20707.77137995037
2020-01-03,20537.006269421425
2020-01-06,20135.20657286276
2020-01-07,20697.72614804489
2020-01-08,20341.12903709483
2020-01-09,19919.23887672521
2020-01-10,19296.447910110215
2020-01-13,19763.540656088437
2020-01-14,19095.549019796923
2020-01-15,19422.010435030556
2020-01-16,19843.900595400173
2020-01-17,19803.72158371035
2020-01-21,19758.518998101743
2020-01-22,19482.281826463415
2020-01-23,19271.335788312565
2020-01-24,18754.018798739035
2020-01-27,18377.33122397802
2020-01-28,18563.163224399137
2020-01-29,18452.669505303056
2020-01-30,18045.84623482561
2020-01-31,17689.24912387555
2020-02-03,17975.531527419353
2020-02-04,18337.150296356114
2020-02-05,17940.374173716227
2020-02-06,18271.859162868637
2020-02-07,17217.132803978544
2020-02-10,17327.62843900671
2020-02-11,18081.00358852874
2020-02-12,18487.826859006185
2020-02-13,18794.19781042886
2020-02-14,18643.52316371087
2020-02-18,18301.99294265298
2020-02-19,18648.54673762965
2020-02-20,18241.723467152206
2020-02-21,17362.785792709838
2020-02-24,16644.56799689093
2020-02-25,16473.80288636199
2020-02-26,17342.69532889888
2020-02-27,17669.158660064593
2020-02-28,17970.507953500575
2020-03-02,18839.40039603747
2020-03-03,17975.531527419353
2020-03-04,18226.65657726003
2020-03-05,18141.27306402952
2020-03-06,18462.71282127645
2020-03-09,18337.150296356114
2020-03-10,18929.805567254672
2020-03-11,17608.889184563814
2020-03-12,16478.82646028077
2020-03-13,16955.96252223239
2020-03-16,16167.43001900723
2020-03-17,16770.130521811272
2020-03-18,15956.485896788461
2020-03-19,16976.052986043345
2020-03-20,16860.535693028483
2020-03-23,17126.727632761333
2020-03-24,18106.11571032639
2020-03-25,18713.837871117128
2020-03-26,18588.27534619679
2020-03-27,17739.47336747085
2020-03-30,17895.17158810762
2020-03-31,18096.070478420916
2020-04-01,18030.779344933435
2020-04-02,18221.633003341256
2020-04-03,18533.02944461479
2020-04-06,19331.607179745424
2020-04-07,20406.42208651439
2020-04-08,19944.350998522863
2020-04-09,20612.34455074646
2020-04-13,20803.198209154278
2020-04-14,21611.821176190395
2020-04-15,21611.821176190395
2020-04-16,21611.821176190395
2020-04-17,21611.821176190395
2020-04-20,21611.821176190395
2020-04-21,21611.821176190395
2020-04-22,21611.821176190395
2020-04-23,21611.821176190395
2020-04-24,21611.821176190395
2020-04-27,21611.821176190395
2020-04-28,21611.821176190395
2020-04-29,21611.821176190395
2020-04-30,21611.821176190395
2020-05-01,21611.821176190395
2020-05-04,21611.821176190395
2020-05-05,21611.821176190395
2020-05-06,21611.821176190395
2020-05-07,21611.821176190395
2020-05-08,21611.821176190395
2020-05-11,21611.821176190395
2020-05-12,21611.821176190395
2020-05-13,21611.821176190395
2020-05-14,21611.821176190395
2020-05-15,21611.821176190395
2020-05-18,21611.821176190395
2020-05-19,21611.821176190395
2020-05-20,21611.821176190395
2020-05-21,21611.821176190395
2020-05-22,21611.821176190395
2020-05-26,21611.821176190395
2020-05-27,21611.821176190395
2020-05-28,21611.821176190395
2020-05-29,21611.821176190395
2020-06-01,21611.821176190395
2020-06-02,21611.821176190395
2020-06-03,21611.821176190395
2020-06-04,21611.821176190395
2020-06-05,21611.821176190395
2020-06-08,21611.821176190395
2020-06-09,21611.821176190395
2020-06-10,21611.821176190395
2020-06-11,21611.821176190395
2020-06-12,21611.821176190395
2020-06-15,21611.821176190395
2020-06-16,21611.821176190395
2020-06-17,21611.821176190395
2020-06-18,21611.821176190395
2020-06-19,21611.821176190395
2020-06-22,21611.821176190395
2020-06-23,21611.821176190395
2020-06-24,21611.821176190395
2020-06-25,21611.821176190395
2020-06-26,21611.821176190395
2020-06-29,21611.821176190395
2020-06-30,21611.821176190395
2020-07-01,21611.821176190395
2020-07-02,21611.821176190395
2020-07-06,21611.821176190395
2020-07-07,21611.821176190395
2020-07-08,21611.821176190395
2020-07-09,21611.821176190395
2020-07-10,21611.821176190395
2020-07-13,21611.821176190395
2020-07-14,21611.821176190395
2020-07-15,21611.821176190395
2020-07-16,21611.821176190395
2020-07-17,21611.821176190395
2020-07-20,21611.821176190395
2020-07-21,21611.821176190395
2020-07-22,21611.821176190395
2020-07-23,21611.821176190395
2020-07-24,21611.821176190395
2020-07-27,21611.821176190395
2020-07-28,21611.821176190395
2020-07-29,21611.821176190395
2020-07-30,21611.821176190395
2020-07-31,21611.821176190395
2020-08-03,21611.821176190395
2020-08-04,21611.821176190395
2020-08-05,21611.821176190395
2020-08-06,21611.821176190395
2020-08-07,21611.821176190395
2020-08-10,21611.821176190395
2020-08-11,21611.821176190395
2020-08-12,21611.821176190395
2020-08-13,21611.821176190395
2020-08-14,21611.821176190395
2020-08-17,21611.821176190395
2020-08-18,21611.821176190395
2020-08-19,21611.821176190395
2020-08-20,21611.821176190395
2020-08-21,21611.821176190395
2020-08-24,21611.821176190395
2020-08-25,21611.821176190395
2020-08-26,21611.821176190395
2020-08-27,21611.821176190395
2020-08-28,21611.821176190395
2020-08-31,21611.821176190395
2020-09-01,21611.821176190395
2020-09-02,21611.821176190395
2020-09-03,21611.821176190395
2020-09-04,21611.821176190395
2020-09-08,21611.821176190395
2020-09-09,21611.821176190395
2020-09-10,21611.821176190395
2020-09-11,21611.821176190395
2020-09-14,21611.821176190395
2020-09-15,21611.821176190395
2020-09-16,21611.821176190395
2020-09-17,21611.821176190395
2020-09-18,21611.821176190395
2020-09-21,21611.821176190395
2020-09-22,21611.821176190395
2020-09-23,21611.821176190395
2020-09-24,21611.821176190395
2020-09-25,21611.821176190395
2020-09-28,21466.045817392434
2020-09-29,21065.87940581399
2020-09-30,21194.505492070366
2020-10-01,21274.538338239756
2020-10-02,20408.465183185792
2020-10-05,20599.972662338474
2020-10-06,20862.938351389752
2020-10-07,21380.29727395302
2020-10-08,20982.989801375337
2020-10-09,22735.14432302561
2020-10-12,24215.758519353814
2020-10-13,24195.750307811468
2020-10-14,23626.94356762345
2020-10-15,23664.10105170738
2020-10-16,24015.67422319884
2020-10-19,24052.833888014273
2020-10-20,25459.130935443114
2020-10-21,25790.69807612373
2020-10-22,25087.547371677803
2020-10-23,24841.733135899613
2020-10-26,24844.589894168872
2020-10-27,25813.56304593534
2020-10-28,25722.096624494392
2020-10-29,26902.587647687393
2020-10-30,25719.23986622513
2020-11-02,26188.005548701414
2020-11-03,27931.585434080895
2020-11-04,31515.929504282336
2020-11-05,31515.929504282336
2020-11-06,31515.929504282336
2020-11-09,31515.929504282336
2020-11-10,31515.929504282336
2020-11-11,31515.929504282336
2020-11-12,31515.929504282336
2020-11-13,31515.929504282336
2020-11-16,31515.929504282336
2020-11-17,31515.929504282336
2020-11-18,31515.929504282336
2020-11-19,31515.929504282336
2020-11-20,31515.929504282336
2020-11-23,31515.929504282336
2020-11-24,31515.929504282336
2020-11-25,31515.929504282336
2020-11-27,31515.929504282336
2020-11-30,31515.929504282336
2020-12-01,31515.929504282336
2020-12-02,31515.929504282336
2020-12-03,31515.929504282336
2020-12-04,31515.929504282336
2020-12-07,31515.929504282336
2020-12-08,31515.929504282336
2020-12-09,31515.929504282336
2020-12-10,31515.929504282336
2020-12-11,31515.929504282336
2020-12-14,31515.929504282336
2020-12-15,31515.929504282336
2020-12-16,31515.929504282336
2020-12-17,31515.929504282336
2020-12-18,31515.929504282336
2020-12-21,31515.929504282336
2020-12-22,31515.929504282336
2020-12-23,31515.929504282336
2020-12-24,31515.929504282336
2020-12-28,31515.929504282336
2020-12-29,31515.929504282336
2020-12-30,31515.929504282336
2020-12-31,31515.929504282336
2021-01-04,31515.929504282336
2021-01-05,31515.929504282336
2021-01-06,31515.929504282336
2021-01-07,31515.929504282336
2021-01-08,31515.929504282336
2021-01-11,31515.929504282336
2021-01-12,31515.929504282336
2021-01-13,31515.929504282336
2021-01-14,31515.929504282336
2021-01-15,31515.929504282336
2021-01-19,31515.929504282336
2021-01-20,31515.929504282336
2021-01-21,31515.929504282336
2021-01-22,31515.929504282336
2021-01-25,31515.929504282336
2021-01-26,31515.929504282336
2021-01-27,31515.929504282336
2021-01-28,31515.929504282336
2021-01-29,31515.929504282336
2021-02-01,31515.929504282336
2021-02-02,31515.929504282336
2021-02-03,31515.929504282336
2021-02-04,31515.929504282336
2021-02-05,31515.929504282336
2021-02-08,31515.929504282336
2021-02-09,31515.929504282336
2021-02-10,31515.929504282336
2021-02-11,31515.929504282336
2021-02-12,31515.929504282336
2021-02-16,31515.929504282336
2021-02-17,31515.929504282336
2021-02-18,31515.929504282336
2021-02-19,31515.929504282336
2021-02-22,31515.929504282336
2021-02-23,31515.929504282336
2021-02-24,31515.929504282336
2021-02-25,31515.929504282336
2021-02-26,31515.929504282336
2021-03-01,31515.929504282336
2021-03-02,31515.929504282336
2021-03-03,31515.929504282336
2021-03-04,31515.929504282336
2021-03-05,31515.929504282336
2021-03-08,31515.929504282336
2021-03-09,33350.211955507606
2021-03-10,32043.719116803422
2021-03-11,35128.25577447091
2021-03-12,34838.405184179144
2021-03-15,34420.934254956606
2021-03-16,34801.633389940594
2021-03-17,32329.2459434786
2021-03-18,30676.660581637756
2021-03-19,30672.33351743825
2021-03-22,29666.503978650235
2021-03-23,29430.730138812134
2021-03-24,26861.003551358655
2021-03-25,27585.631677379544
2021-03-26,28398.944815992894
2021-03-29,28450.859684638264
2021-03-30,29296.620853873566
2021-03-31,28959.18245913593
2021-04-01,31133.065186907137
2021-04-05,30912.43442147586
2021-04-06,32041.557234995125
2021-04-07,29826.57234820295
2021-04-08,30326.240994301595
2021-04-09,29768.168533549768
2021-04-12,28935.388556913
2021-04-13,29233.889975020877
2021-04-14,28684.47164266807
2021-04-15,28634.72195641391
2021-04-16,28835.885883821764
2021-04-19,28725.570501106125
2021-04-20,27170.322629965307
2021-04-21,27832.221527424965
2021-04-22,28838.051066212975
2021-04-23,29982.313653556153
2021-04-26,30607.44075677726
2021-04-27,30300.285210270365
2021-04-28,30795.6267921695
2021-04-29,29740.05086771024
2021-04-30,28969.99516876033
2021-05-03,28861.841667852994
2021-05-04,28589.296033776343
2021-05-05,28360.01113994605
2021-05-06,29125.736474113535
2021-05-07,28939.712320529594
2021-05-10,26302.93109060683
2021-05-11,27217.91043441117
2021-05-12,26835.046117035974
2021-05-13,24925.056545233852
2021-05-14,25595.607920801067
2021-05-17,25528.551628040328
2021-05-18,26441.367439744907
2021-05-19,27507.761024702944
2021-05-20,28336.217237723118
2021-05-21,27966.330812363532
2021-05-24,28208.596898792355
2021-05-25,28297.283561676275
2021-05-26,26729.056148228385
2021-05-27,25883.29662928454
2021-05-28,27012.417792512348
2021-06-01,30140.216840717654
2021-06-02,30261.34823364061
2021-06-03,28866.1687320525
2021-06-04,28589.296033776343
2021-06-07,27672.15480816371
2021-06-08,27470.989230464398
2021-06-09,27150.85414165043
2021-06-10,26649.021963452033
2021-06-11,26382.965275383187
2021-06-14,26305.094622706587
2021-06-15,26369.987383367574
2021-06-16,26566.825896867376
2021-06-17,27209.25795630361
2021-06-18,27044.864172842845
2021-06-21,26125.559415130454
2021-06-22,25589.11897479326
2021-06-23,26305.094622706587
2021-06-24,27626.730535817598
2021-06-25,27600.773101494913
2021-06-28,27018.908388811615
2021-06-29,28887.800752467134
2021-06-30,27475.31464437245
2021-07-01,26354.844308960746
2021-07-02,25783.793956193313
2021-07-06,24464.32157518205
2021-07-07,23856.499428176063
2021-07-08,23527.711861254535
2021-07-09,24025.218625544883
2021-07-12,23906.249114430226
2021-07-13,24241.525627359562
2021-07-14,23564.485305784536
2021-07-15,23953.836918876084
2021-07-16,23242.186684870816
2021-07-19,22645.18054807214
2021-07-20,22117.39093555106
2021-07-21,22608.407103542144
2021-07-22,22703.58271243387
2021-07-23,21048.833818493276
2021-07-26,19188.593932945314
2021-07-27,17202.89559027489
2021-07-28,19876.450264727657
2021-07-29,19921.874537073763
2021-07-30,19815.884568266178
2021-08-02,19787.765252135196
2021-08-03,19231.856323483124
2021-08-04,19311.888857968024
2021-08-05,19195.082878953122
2021-08-06,18918.210180676964
2021-08-09,20053.821940204034
2021-08-10,19811.55750406667
2021-08-11,19383.270564636816
2021-08-12,18909.5577025694
2021-08-13,18251.9842190178
2021-08-16,17784.761953249646
2021-08-17,17185.590634059765
2021-08-18,17512.21466888154
2021-08-19,16155.970493631738
2021-08-20,16718.368368291616
2021-08-23,17538.172103204226
2021-08-24,21440.35061397604
2021-08-25,21163.47626540842
2021-08-26,20735.18932597857
2021-08-27,20469.130987618268
2021-08-30,20544.839758486574
2021-08-31,21635.025595376082
2021-09-01,23108.07739993224
2021-09-02,22227.70796855816
2021-09-03,22113.065521643006
2021-09-07,23304.915913432043
2021-09-08,22651.669494079953
2021-09-09,22556.49388518823
2021-09-10,22441.85143827308
2021-09-13,22530.538101157
2021-09-14,22015.726380651526
2021-09-15,21479.285940314334
2021-09-16,21606.906279245097
2021-09-17,21788.605018920985
2021-09-20,20371.79349691825
2021-09-21,20570.795542517804
2021-09-22,21111.563047054504
2021-09-23,21258.651874300147
2021-09-24,20451.8276816946
2021-09-27,20834.690348778346
2021-09-28,19251.323161506545
2021-09-29,19264.301053522162
2021-09-30,19612.555458467115
2021-10-01,19067.46254002236
2021-10-04,18403.40011046295
2021-10-05,18909.5577025694
2021-10-06,19320.541336075585
2021-10-07,20538.349162187315
2021-10-08,20813.059978655172
2021-10-11,20512.393378156077
2021-10-12,20229.03008358066
2021-10-13,21107.23763314645
2021-10-14,20339.347116587756
2021-10-15,20335.021702679704
2021-10-18,20981.77917602399
2021-10-19,21094.25809083938
2021-10-20,21500.91631043751
2021-10-21,21014.225556354482
2021-10-22,21425.209189860663
2021-10-25,21769.13653060611
2021-10-26,20157.65002720332
2021-10-27,19962.973395511817
2021-10-28,19997.581657650615
2021-10-29,19234.01820529142
2021-11-01,20220.379255764554
2021-11-02,19960.809863412065
2021-11-03,19984.603765634994
2021-11-04,18747.32745120839
2021-11-05,18098.40644576435
2021-11-08,18005.39436897238
2021-11-09,18005.39436897238
2021-11-10,18712.7191890696
2021-11-11,20088.431852634287
2021-11-12,20549.165172394627
2021-11-15,19763.971349912266
2021-11-16,20324.205692472384
2021-11-17,19417.87882677561
2021-11-18,18403.40011046295
2021-11-19,17709.0548326728
2021-11-22,17200.732058175137
2021-11-23,17146.655307721467
2021-11-24,17598.737799665705
2021-11-26,14808.377146198038
2021-11-29,15565.451652549418
2021-11-30,14384.41562067624
2021-12-01,13434.82801473311
2021-12-02,12822.678803527617
2021-12-03,11775.752881738732
2021-12-06,12115.354808576123
2021-12-07,13633.830060332668
2021-12-08,13504.04618930215
2021-12-09,13449.969438848479
2021-12-10,13761.451224409157
2021-12-13,13326.674513825768
2021-12-14,13328.837220779795
2021-12-15,12790.233248342849
2021-12-16,12348.966766605927
2021-12-17,12558.7848224128
2021-12-20,11849.297295361555
2021-12-21,12829.16857468115
2021-12-22,12640.980888997452
2021-12-23,12483.076876690226
2021-12-27,12320.846625329215
2021-12-28,12121.844579729659
2021-12-29,11682.740804946761
2021-12-30,12859.451422911889
2021-12-31,12610.698040766716
2022-01-03,12134.822471745272
2022-01-04,10776.414764395713
2022-01-05,10497.378534019803
2022-01-06,11276.084235640088
2022-01-07,12091.56173149892
2022-01-10,12327.33639648275
2022-01-11,12982.746347934599
2022-01-12,13060.6170006112
2022-01-13,12463.609213521075
2022-01-14,13067.105946619007
2022-01-18,13309.369557610647
2022-01-19,13919.355236716385
2022-01-20,14302.219554091585
2022-01-21,13499.719950248367
2022-01-24,13090.899848841938
2022-01-25,12870.266607973477
2022-01-26,11697.88305420786
2022-01-27,10994.88529831015
2022-01-28,11475.086281239644
2022-01-31,12943.811021596297
2022-02-01,12891.896978096653
2022-02-02,12500.381832905348
2022-02-03,11925.005241084129
2022-02-04,12080.745721291602
2022-02-07,11535.65280284685
2022-02-08,13013.029196165337
2022-02-09,13471.599808971658
2022-02-10,13670.60267971694
2022-02-11,12978.420108880817
2022-02-14,12796.722194350657
2022-02-15,13244.477622095386
2022-02-16,13021.681674272899
2022-02-17,12900.549456204217
2022-02-18,12119.681047629905
2022-02-22,11767.101228776899
2022-02-23,11209.028768025075
2022-02-24,11044.635809710038
2022-02-25,11172.256973786529
2022-02-28,11217.681246132637
2022-03-01,11027.330853494914
2022-03-02,10549.292577519445
2022-03-03,9781.402886106476
2022-03-04,8926.990063909343
2022-03-07,8351.613472088122
2022-03-08,8656.606311640993
2022-03-09,9374.745491654074
2022-03-10,7735.138021828847
2022-03-11,6949.944199346482
2022-03-14,5522.317904855019
2022-03-15,5907.344104038517
2022-03-16,9219.00418630087
2022-03-17,8516.006430403158
2022-03-18,9214.677947247088
2022-03-21,8650.117365633185
2022-03-22,10281.071532205122
2022-03-23,10685.566219703498
2022-03-24,9720.836364499268
2022-03-25,9569.422123345577
2022-03-28,9446.126373177138
2022-03-29,9582.40001536119
2022-03-30,9465.594036346289
2022-03-31,8676.073974810142
2022-04-01,9225.493957454406
2022-04-04,10663.935024434593
2022-04-05,10127.493758951672
2022-04-06,9796.544310221845
2022-04-07,9164.9274358472
2022-04-08,9214.677947247088
2022-04-11,9132.481880662435
2022-04-12,8970.251629301425
2022-04-13,9498.040416676782
2022-04-14,8658.769018595021
2022-04-18,8654.442779541238
2022-04-19,8609.01850719513
2022-04-20,8070.414534758183
2022-04-21,7516.6683130601405
2022-04-22,7512.342074006359
2022-04-25,7700.528934544327
2022-04-26,7536.1359762292905
2022-04-27,8094.207611835387
2022-04-28,8208.850883896263
2022-04-29,9320.668741200403
2022-05-02,9660.270668037792
2022-05-03,9498.040416676782
2022-05-04,9809.522202237458
2022-05-05,8712.84576904869
2022-05-06,8260.764102250176
2022-05-09,7559.929878452222
2022-05-10,7691.877281582493
2022-05-11,7319.8289744146105
2022-05-12,7404.188573099019
2022-05-13,8159.100372496374
2022-05-16,8185.056981673331
2022-05-17,8686.889159871731
2022-05-18,8347.287233034342
2022-05-19,9095.70926127816
2022-05-20,8846.956704278715
2022-05-23,8749.618388432964
2022-05-24,7994.706589035609
2022-05-25,8286.721536572864
2022-05-26,9069.752652101202
2022-05-27,10447.628022619912
2022-05-31,10891.05721131086
2022-06-01,10599.043088919334
2022-06-02,11392.88938950926
2022-06-03,11010.026722425519
2022-06-06,11626.501347539066
2022-06-07,12803.211140358462
2022-06-08,14049.139107746902
2022-06-09,12697.221171550878
2022-06-10,12967.60492381923
2022-06-13,11769.263935730925
2022-06-14,13177.422154480373
2022-06-15,13019.518142173143
2022-06-16,12710.199063566493
2022-06-17,12762.113107066138
2022-06-21,13638.156299386446
2022-06-22,13056.290761557419
2022-06-23,13893.399452685157
2022-06-24,14267.609641661336
2022-06-27,14003.714835400795
2022-06-28,13618.688636217295
2022-06-29,13642.482538440228
2022-06-30,13367.772547118097
2022-07-01,14021.019791615918
2022-07-05,14410.373054998925
2022-07-06,13343.978644895164
2022-07-07,13460.784623910067
2022-07-08,13151.465545303416
2022-07-11,11831.993164292158
2022-07-12,12158.616373968205
2022-07-13,12188.899222198941
2022-07-14,11831.993164292158
2022-07-15,11834.155871246185
2022-07-18,11922.841708984373
2022-07-19,11886.069914745827
2022-07-20,11557.283172970026
2022-07-21,12069.930536230015
2022-07-22,11762.774989723119
2022-07-25,12158.616373968205
2022-07-26,11931.494187091936
2022-07-27,11894.72239285339
2022-07-28,11012.189429379545
2022-07-29,10601.20579587336
2022-08-01,10315.68061948964
2022-08-02,10594.716849865554
2022-08-03,10739.642970157167
2022-08-04,11087.896549956391
2022-08-05,10869.426841187684
2022-08-08,10311.35438043586
2022-08-09,10237.810791958767
2022-08-10,10222.66854269767
2022-08-11,10733.153199003633
2022-08-12,10555.781523527252
2022-08-15,11059.777233825407
2022-08-16,10672.587502542156
2022-08-17,10276.74529315134
2022-08-18,10129.657291051428
2022-08-19,9898.20803997565
2022-08-22,10367.594662989284
2022-08-23,10925.66629859538
2022-08-24,11509.695368524164
2022-08-25,12941.64831464227
2022-08-26,12452.794028459486
2022-08-29,14284.91459787646
2022-08-30,14384.41562067624
2022-08-31,15422.689889503288
2022-09-01,15448.645673534516
2022-09-02,15615.202989095036
2022-09-06,14410.373054998925
2022-09-07,14797.562786282178
2022-09-08,14749.974981836314
2022-09-09,15089.576908673705
2022-09-12,15478.928521765256
2022-09-13,14669.940797059959
2022-09-14,15113.370810896637
2022-09-15,14804.051732289985
2022-09-16,14204.880413100105
2022-09-19,14230.837847422792
2022-09-20,14297.892489892076
2022-09-21,13517.024906463492
2022-09-22,13726.842137124637
2022-09-23,12989.235293942405
2022-09-26,13121.182697072678
2022-09-27,13192.564403741471
2022-09-28,13623.014875271077
2022-09-29,13144.976599295609
2022-09-30,13536.492569632643
2022-10-03,13551.633993748012
2022-10-04,14377.926674668432
2022-10-05,14313.033914007445
2022-10-06,14116.195400507644
2022-10-07,13748.473332393542
2022-10-10,12602.045562659154
2022-10-11,12050.462873060864
2022-10-12,12100.213384460752
2022-10-13,11976.918459438044
2022-10-14,11446.966139962931
2022-10-17,12000.712361660975
2022-10-18,12625.839464882085
2022-10-19,11786.56889194605
2022-10-20,12089.398199399166
2022-10-21,12755.62416105833
2022-10-24,9617.00910264571
2022-10-25,10281.071532205122
2022-10-26,11483.738759347205
2022-10-27,11488.064998400987
2022-10-28,11453.455911116467
2022-10-31,11860.11330556887
2022-11-01,11656.784195769804
2022-11-02,11596.218499308326
2022-11-03,12323.01015742897
2022-11-04,13387.240210287247
2022-11-07,13350.468416048701
2022-11-08,13610.036158109735
2022-11-09,12796.722194350657
2022-11-10,13854.464126346855
2022-11-11,14098.89044429252
2022-11-14,14144.314716638628
2022-11-15,15351.308182834493
2022-11-16,14613.700514506534
2022-11-17,15260.459638142278
2022-11-18,15173.936507358114
2022-11-21,14626.680056813606
2022-11-22,14440.655903229665
2022-11-23,14429.839893022347
2022-11-25,14222.18536931523
2022-11-28,16017.534144493658
2022-11-29,16964.958218337033
2022-11-30,17745.826626911345
2022-12-01,18113.54786987972
2022-12-02,18675.945744539596
2022-12-05,18991.75541944551
2022-12-06,18799.24231985376
2022-12-07,18563.466829724206
2022-12-08,19707.731067358836
2022-12-09,19404.900934759993
2022-12-12,18617.543580177873
2022-12-13,19195.082878953122
2022-12-14,19469.79369542098
2022-12-15,18851.15553820768
2022-12-16,18825.19810388499
2022-12-19,18807.893147669867
2022-12-20,18526.69503548566
2022-12-21,18587.260731947135
2022-12-22,18492.08512305541
2022-12-23,18176.27709844095
2022-12-27,18429.35589449418
2022-12-28,17611.71569168132
2022-12-29,17825.8608116877
2022-12-30,17639.83665810376
2023-01-03,18284.430599348292
2023-01-04,19696.915057151524
2023-01-05,20642.1772491866
2023-01-06,20756.819696101746
2023-01-09,20661.64408721002
2023-01-10,20352.32500860337
2023-01-11,20120.876582673318
2023-01-12,20216.052191565046
2023-01-13,20981.77917602399
2023-01-17,20516.718792064134
2023-01-18,19370.292672621203
2023-01-19,19515.21796776709
2023-01-20,20081.94125633502
2023-01-23,20614.05793305561
2023-01-24,20832.526816678597
2023-01-25,20871.46214301689
2023-01-26,22638.69160206434
2023-01-27,22643.01701597239
2023-01-30,21014.225556354482
2023-01-31,21193.760763930615
2023-02-01,22275.295773004018
2023-02-02,21546.34058278362
2023-02-03,20689.76505363246
2023-02-06,20291.759312141894
2023-02-07,20430.195661279973
2023-02-08,19993.25624374256
2023-02-09,20306.90073625726
2023-02-10,19997.581657650615
2023-02-13,20787.102544332483
2023-02-14,20741.678271986377
2023-02-15,20432.359193379725
2023-02-16,20936.35490367788
2023-02-17,20207.399713457486
2023-02-21,18280.10518544024
2023-02-22,18044.32969531068
2023-02-23,18626.196058285437
2023-02-24,18109.222455971667
2023-02-27,18602.402156062504
2023-02-28,18976.613995330143
2023-03-01,19692.589643243467
2023-03-02,20713.558955855395
2023-03-03,20698.41753174002
2023-03-06,20285.270366134086
2023-03-07,20261.476463911156
2023-03-08,20123.040114773074
2023-03-09,18526.69503548566
2023-03-10,18543.99999170078
2023-03-13,19720.708959374457
2023-03-14,20058.149004403545
2023-03-15,19729.361437482014
2023-03-16,20445.33708539534
2023-03-17,19887.26627493497
2023-03-20,17068.78630533632
2023-03-21,17073.111719244374
2023-03-22,16348.483593223486
2023-03-23,16752.976630430407
2023-03-24,15998.06565617878
2023-03-27,15504.885956087941
2023-03-28,15755.801220041412
2023-03-29,15760.128284240922
2023-03-30,16534.507746807427
2023-03-31,16417.701767792525
2023-04-03,16188.415223670774
2023-04-04,15833.671872718014
2023-04-05,15643.32230522602
2023-04-06,15580.593076664789
2023-04-10,15424.851771311585
2023-04-11,15295.067900281068
2023-04-12,14496.894535491632
2023-04-13,14823.518570313407
2023-04-14,14639.657948829221
2023-04-17,14914.367115005623
2023-04-18,15197.730409581045
2023-04-19,15160.956965051042
2023-04-20,15074.435484558335
2023-04-21,14974.934461758558
2023-04-24,14438.492371129909
2023-04-25,13969.106573262003
2023-04-26,14092.401498284713
2023-04-27,14302.219554091585
2023-04-28,14741.322503728754
2023-05-01,14836.496462329022
2023-05-02,13884.746974577594
2023-05-03,13739.82085428598
2023-05-04,13873.930964370278
2023-05-05,13640.319831486202
2023-05-08,13402.381634402616
2023-05-09,13283.412948433688
2023-05-10,13168.77050151854
2023-05-11,14096.726912192766
2023-05-12,13696.559288893897
2023-05-15,14291.40354388427
2023-05-16,14278.425651868654
2023-05-17,14373.599610468922
2023-05-18,13324.510981726013
2023-05-19,13093.062555795967
2023-05-22,13635.99359243242
2023-05-23,13395.892688394808
2023-05-24,13181.748393534153
2023-05-25,12982.746347934599
2023-05-26,15448.645673534516
2023-05-30,14628.841938621903
2023-05-31,14129.173292523259
2023-06-01,14944.649963236363
2023-06-02,15041.989104227841
2023-06-05,14721.854015413874
2023-06-06,15749.312274033606
2023-06-07,15682.257631564322
2023-06-08,16207.883711985653
2023-06-09,16460.96250803888
2023-06-12,16458.798975939124
2023-06-13,16755.140162530162
2023-06-14,17016.871436690948
2023-06-15,17481.931820650803
2023-06-16,17276.44082904344
2023-06-20,16075.93630885538
2023-06-21,15796.900078479468
2023-06-22,15766.61723024873
2023-06-23,15098.229386781268
2023-06-26,15050.641582335404
2023-06-27,15504.885956087941
2023-06-28,15186.914399373729
2023-06-29,14903.552755089764
2023-06-30,14955.46597344368
2023-07-03,15420.526357403533
2023-07-05,15539.494218226733
2023-07-06,14641.821480928975
2023-07-07,15141.49012702762
2023-07-10,15171.772975258358
2023-07-11,15366.449606949862
2023-07-12,16296.568724578114
2023-07-13,17505.725722873733
2023-07-14,17194.24311216733
2023-07-17,17109.88351348292
2023-07-18,16367.950431246907
2023-07-19,16272.77647264664
2023-07-20,16197.067701778336
2023-07-21,16432.843191907894
2023-07-24,17055.80676302925
2023-07-25,17951.31761851871
2023-07-26,18193.582054656075
2023-07-27,18284.430599348292
2023-07-28,19327.030282083393
2023-07-31,19428.694836982926
2023-08-01,19487.09700134465
2023-08-02,18171.951684532898
2023-08-03,19210.22430306849
2023-08-04,18931.188072692577
2023-08-07,18515.87902527834
2023-08-08,18109.222455971667
2023-08-09,18057.309237617752
2023-08-10,18325.529457786346
2023-08-11,17639.83665810376
2023-08-14,17618.204637689127
2023-08-15,17053.643230929494
2023-08-16,17092.578557267796
2023-08-17,17231.01655669733
2023-08-18,16651.31372582233
2023-08-21,16884.924033560677
2023-08-22,16761.629108537967
2023-08-23,16854.64118532994
2023-08-24,16930.348305906784
2023-08-25,17285.093307151
2023-08-28,17468.953928635186
2023-08-29,20164.13897321113
2023-08-30,21228.369026069406
2023-08-31,21407.904233645542
2023-09-01,22342.350415473302
2023-09-05,21859.985075298326
2023-09-06,21974.627522213472
2023-09-07,20897.41957733958
2023-09-08,20622.70876087172
2023-09-11,21068.302306808153
2023-09-12,21388.43574533066
2023-09-13,21254.326460392098
2023-09-14,21429.53460376872
2023-09-15,21513.894202453128
2023-09-18,21589.601323029976
2023-09-19,21273.793298415516
2023-09-20,20436.686257579237
2023-09-21,19937.015961189136
2023-09-22,20750.330750093937
2023-09-25,20914.7245335547
2023-09-26,20317.71674646458
2023-09-27,20549.165172394627
2023-09-28,20681.112575524898
2023-09-29,21213.227601954037
2023-10-02,21559.318474799238
2023-10-03,21176.45580771549
2023-10-04,21232.696090268917
2023-10-05,21275.95683051527
2023-10-06,22850.671539679508
2023-10-09,23136.19671606323
2023-10-10,23696.432708914806
2023-10-11,23808.9116237302
2023-10-12,23123.218824047613
2023-10-13,22950.17256247929
2023-10-16,22781.45336511047
2023-10-17,22679.788810210935
2023-10-18,22783.61689721022
2023-10-19,22511.06961284212
2023-10-20,22232.03338246621
2023-10-23,22537.027047164804
2023-10-24,23434.699784462562
2023-10-25,23250.839162978373
2023-10-26,23270.307651293253
2023-10-27,23421.72189244695
2023-10-30,22552.16847128018
2023-10-31,21937.85572797493
2023-11-01,22264.479762796702
2023-11-02,21914.061825751996
2023-11-03,23019.39073704833
2023-11-06,23172.968510301773
2023-11-07,23657.497382576512
2023-11-08,23718.063079037984
2023-11-09,23432.53790265426
2023-11-10,23586.115675907713
2023-11-13,23627.21453434577
2023-11-14,24010.07720142951
2023-11-15,24749.846751565772
2023-11-16,24453.507215266185
2023-11-17,24907.751589018728
2023-11-20,25692.945411501092
2023-11-21,25381.462800794685
2023-11-22,25403.094821209317
2023-11-24,25675.64045528597
2023-11-27,25463.660517670796
2023-11-28,30066.673252240562
2023-11-29,30657.19044303142
2023-11-30,31892.304875649726
2023-12-01,31422.919077781822
2023-12-04,30895.129465260736
2023-12-05,31031.403932590518
2023-12-06,30713.432375876302
2023-12-07,30345.707832325017
2023-12-08,30058.022424424456
2023-12-11,30934.06314130758
2023-12-12,31836.062942804845
2023-12-13,31669.50892782724
2023-12-14,31669.50892782724
2023-12-15,32089.145039440988
2023-12-18,32102.1229314566
2023-12-19,32465.517110225464
2023-12-20,31673.832691443837
2023-12-21,31736.563570296526
2023-12-22,31252.03469802179
2023-12-26,31412.103067574506
2023-12-27,31245.545752013986
2023-12-28,31440.224033996947
2023-12-29,31647.876907412607
2024-01-02,31502.951612266723
2024-01-03,32218.927260180048
2024-01-04,31957.197636310713
2024-01-05,31695.46471185847
2024-01-08,31916.09877787266
2024-01-09,32549.876708909873
2024-01-10,32270.842128825418
2024-01-11,32733.738980685517
2024-01-12,32149.710735902463
2024-01-16,30966.51117192953
2024-01-17,30748.038987723638
2024-01-18,30728.572149700216
2024-01-19,31070.33760863736
2024-01-22,30579.31979035482
2024-01-23,30477.655235455288
2024-01-24,31256.361762221302
2024-01-25,31241.218687814475
2024-01-26,30665.84457143044
2024-01-29,28152.354965947474
2024-01-30,27098.940923296515
2024-01-31,27442.869914333416
2024-02-01,27382.30256758048
2024-02-02,26949.688563951117
2024-02-05,26203.430067807054
2024-02-06,27207.094424203853
2024-02-07,27856.015429647894
2024-02-08,27397.445641987306
2024-02-09,27574.817317463683
2024-02-12,28459.513813037283
2024-02-13,27912.25406190986
2024-02-14,28554.686121346098
2024-02-15,29270.665069842336
2024-02-16,29257.683877243806
2024-02-20,28401.109998384105
2024-02-21,28067.995367263065
2024-02-22,28472.4917050529
2024-02-23,27620.24158980979
2024-02-26,27358.510315649004
2024-02-27,27758.677938947872
2024-02-28,27040.538758934796
2024-02-29,26938.87420403526
2024-03-01,27438.542850133905
2024-03-04,26415.411655713684
2024-03-05,26244.528926245108
2024-03-06,25230.048559640993
2024-03-07,25338.202060548334
2024-03-08,23867.313788091924
2024-03-11,24202.59030102126
2024-03-12,25558.83612656252
2024-03-13,26467.324874067595
2024-03-14,26649.021963452033
2024-03-15,26765.827942466927
2024-03-18,27840.875655823984
2024-03-19,27618.078057710038
2024-03-20,28589.296033776343
2024-03-21,26454.34698205198
2024-03-22,26603.59769110592
2024-03-25,25928.720901630655
2024-03-26,25978.47058788481
2024-03-27,25234.3756238405
2024-03-28,25145.688960956584
2024-04-01,25775.143128377204
2024-04-02,25576.139432486187
2024-04-03,25853.01213076235
2024-04-04,25409.583767217126
2024-04-05,25496.106898001293
2024-04-08,25442.030147547623
2024-04-09,26194.777589699494
2024-04-10,25891.94745710065
2024-04-11,26201.266535707295
2024-04-12,24983.458709595572
2024-04-15,24721.727435434786
2024-04-16,24555.170119874267
2024-04-17,24535.703281850845
2024-04-18,24594.10544621257
2024-04-19,24548.681173866455
2024-04-22,26852.351073251095
2024-04-23,27691.623296478585
2024-04-24,27589.958741579052
2024-04-25,27209.25795630361
2024-04-26,27970.657876563044
2024-04-29,27432.053904126096
2024-04-30,27077.310553173338
2024-05-01,26928.05819382794
2024-05-02,29750.863577334647
2024-05-03,30321.913930102084
2024-05-06,29988.80259956396
2024-05-07,29774.657479557576
2024-05-08,30101.283164670807
2024-05-09,29499.94996367263
2024-05-10,29476.1560614497
2024-05-13,30395.46081916209
2024-05-14,29999.618609771274
2024-05-15,30564.180016530907
2024-05-16,31014.098976375393
2024-05-17,31621.921123381377
2024-05-20,31747.379580503843
2024-05-21,31461.852753828665
2024-05-22,31816.596104781423
2024-05-23,33231.245744975866
2024-05-24,34083.49586021897
2024-05-28,32385.484575740567
2024-05-29,32720.761088669904
2024-05-30,32885.15322183921
2024-05-31,32398.46246775618
2024-06-03,31779.824310542877
2024-06-04,31554.866480912093
2024-06-05,30888.640519252927
2024-06-06,31111.436467075415
2024-06-07,31126.57624089933
2024-06-10,32117.262705280515
2024-06-11,31781.986192351178
2024-06-12,32662.357274016726
2024-06-13,32677.50034842355
2024-06-14,32225.416206187852
2024-06-17,32078.32902923367
2024-06-18,31187.141937360804
2024-06-20,31178.491109544702
2024-06-21,31117.925413083223
2024-06-24,30613.92970278507
2024-06-25,30282.98025405524
2024-06-26,29900.115936680042
2024-06-27,28539.546347522184
2024-06-28,28758.01523114516
2024-07-01,28764.50417715297
2024-07-02,28959.18245913593
2024-07-03,29707.602837088292
2024-07-05,29458.851105234575
2024-07-08,29132.225420121344
2024-07-09,29789.800553964404
2024-07-10,29865.509324832707
2024-07-11,30118.588120885932
2024-07-12,30806.442802376816
2024-07-15,29848.204368617582
2024-07-16,29383.142334366272
2024-07-17,28513.590563490954
2024-07-18,28569.82919575292
2024-07-19,28777.482069168585
2024-07-22,29037.053111812533
2024-07-23,28786.1361975676
2024-07-24,28524.403273115357
2024-07-25,28063.67160364647
2024-07-26,28292.956497476764
2024-07-29,27598.609569395157
2024-07-30,26640.371135635924
2024-07-31,27879.809331870827
2024-08-01,27648.360905940775
2024-08-02,27559.675893348314
2024-08-05,27295.78108708777
2024-08-06,28686.63352447637
2024-08-07,28801.275971391515
2024-08-08,29854.69331462539
2024-08-09,29859.017078241985
2024-08-12,30817.258812584136
2024-08-13,31152.535325513472
2024-08-14,30711.26719348509
2024-08-15,31381.820219343765
2024-08-16,32292.47084865714
2024-08-19,32686.151176239655
2024-08-20,31195.796065759823
2024-08-21,31565.679190536495
2024-08-22,31838.22812519606
2024-08-23,30254.8592876328
2024-08-26,21630.70018146803
2024-08-27,20746.005336185885
2024-08-28,19288.09495574509
2024-08-29,20207.399713457486
2024-08-30,20789.26607643224
2024-09-03,21144.009427384997
2024-09-04,20062.474418311598
2024-09-05,20047.33299419623
2024-09-06,20181.443929426252
2024-09-09,19999.745189750363
2024-09-10,20129.529060780886
2024-09-11,20609.730868856106
2024-09-12,21053.16088269278
2024-09-13,20547.00164029487
2024-09-16,21025.039916270343
2024-09-17,21280.28224442332
2024-09-18,21247.837514384286
2024-09-19,21626.374767559977
2024-09-20,21609.069811344852
2024-09-23,22128.206945758375
2024-09-24,24615.737466627197
2024-09-25,24646.020314857935
2024-09-26,27990.124714586465
2024-09-27,29283.64296185795
2024-09-30,29160.346386543784
2024-10-01,31502.951612266723
2024-10-02,33032.24369937631
2024-10-03,33012.77356076997
2024-10-04,33369.682094113945
2024-10-07,33114.43811566951
2024-10-08,31334.232414897902
2024-10-09,30600.951810769453
2024-10-10,30624.745712992386
2024-10-11,31312.60039448327
2024-10-14,29424.241192804326
2024-10-15,27732.722154916642
2024-10-16,27557.51236124856
2024-10-17,26742.034040243998
2024-10-18,26956.179160250384
2024-10-21,27008.0923786043
2024-10-22,27797.611614994716
2024-10-23,26462.997809868088
2024-10-24,26255.343286160965
2024-10-25,26491.11877629053
2024-10-28,27209.25795630361
2024-10-29,27092.451977288707
2024-10-30,26145.027903445334
2024-10-31,26084.460556692396
2024-11-01,26077.97161068459
2024-11-04,26458.672395960035
2024-11-05,26421.90060172149
2024-11-06,26080.135142784344
2024-11-07,27226.562912518737
2024-11-08,25483.12735569422
2024-11-11,25340.365592648086
2024-11-12,24615.737466627197
2024-11-13,24531.377867942792
2024-11-14,24297.765909912985
2024-11-15,24658.99820687355
2024-11-18,25374.97385478688
2024-11-19,25455.008039563236
2024-11-20,25197.602179310496
2024-11-21,22515.39502675017
2024-11-22,21645.8416055834
2024-11-25,21779.95254081342
2024-11-26,21481.447822122638
2024-11-27,21371.132439406992
2024-11-29,20886.603567132264
2024-12-02,21410.067765745298
2024-12-03,21295.423668538697
2024-12-04,21351.663951092116
2024-12-05,21414.393179653347
2024-12-06,21606.906279245097
2024-12-09,23865.151906283623
2024-12-10,22601.918157534332
2024-12-11,22370.469731604288
2024-12-12,22638.69160206434
2024-12-13,22121.71634945911
2024-12-16,21546.34058278362
2024-12-17,22154.16272978961
2024-12-18,21922.714303859557
2024-12-19,21847.00718328271
2024-12-20,21524.710212660448
2024-12-23,21756.15863859049
2024-12-24,21570.13448500655
2024-12-26,21386.27386352237
2024-12-27,21079.116666724014
2024-12-30,20417.217769264356
2024-12-31,20979.61564392423
2025-01-02,20957.985273801056
2025-01-03,20942.843849685687
2025-01-06,21418.7185935614
2025-01-07,21764.81111669806
2025-01-08,21699.91835603707
2025-01-10,20479.946997825587
2025-01-13,20761.146760301257
2025-01-14,21226.20549396965
2025-01-15,21782.114422621726
2025-01-16,21686.940464021456
2025-01-17,22835.53011556414
2025-01-21,22528.374569057243
2025-01-22,22296.92614312719
2025-01-23,22498.09172082651
2025-01-24,24083.620789906603
2025-01-27,23984.119767106822
2025-01-28,24265.31952958249
2025-01-29,24235.036681351754
2025-01-30,24961.8283394724
2025-01-31,24206.917365220772
2025-02-03,22764.148408895344
2025-02-04,24669.814217080868
2025-02-05,23824.05304784557
2025-02-06,24382.125508597397
2025-02-07,24717.400371235275
2025-02-10,25165.155798980006
2025-02-11,25411.74729931688
2025-02-12,25703.761421708405
2025-02-13,26289.953198591218
2025-02-14,26856.678137450603
2025-02-18,27786.798905370313
2025-02-19,26915.080301812326
2025-02-20,26910.754887904273
2025-02-21,28409.76082620021
2025-02-24,25907.08888121602
2025-02-25,25777.305010185504
2025-02-26,25907.08888121602
2025-02-27,25671.315041377915
2025-02-28,24591.943564404264
2025-03-03,24356.16807427471
2025-03-04,24531.377867942792
2025-03-05,26002.264490107744
2025-03-06,25917.904891423335
2025-03-07,25939.535261546513
2025-03-10,25011.578025726554
2025-03-11,25519.900800224223
2025-03-12,25493.943365901534
2025-03-13,25688.619997593043
2025-03-14,26506.260200405897
2025-03-17,27881.971213679124
2025-03-18,27425.564958118288
2025-03-19,27237.377272434594
2025-03-20,28318.912281507994
2025-03-21,27393.118577787794
2025-03-24,27713.252016310307
2025-03-25,27092.451977288707
2025-03-26,26491.11877629053
2025-03-27,26899.938877696957
2025-03-28,26054.177708461662
2025-03-31,25599.93333470912
2025-04-01,26430.55307982905
2025-04-02,25755.674640062323
2025-04-03,24587.616500204764
2025-04-04,22541.35246107286
2025-04-07,21632.863713567785
2025-04-08,20328.532756671895
2025-04-09,20365.30455091044
2025-04-10,19110.723280268714
2025-04-11,19575.783664228566
2025-04-14,20501.577367948765
2025-04-15,20347.999594695317
2025-04-16,19975.951287527434
2025-04-17,20265.80352811066
2025-04-21,20410.728823256548
2025-04-22,21271.62976631576
2025-04-23,21723.71225826
2025-04-24,22338.023351273794
2025-04-25,22498.09172082651
2025-04-28,22299.088024935492
2025-04-29,22528.374569057243
2025-04-30,22835.53011556414
2025-05-01,22922.053246348303
2025-05-02,23992.77224521439
2025-05-05,23977.630821099017
2025-05-06,24079.29537599855
2025-05-07,23661.82279648456
2025-05-08,23772.139829491654
2025-05-09,23718.063079037984
2025-05-12,25173.808277087566
2025-05-13,25837.87070664698
2025-05-14,25716.73931372402
2025-05-15,25489.616301702026
2025-05-16,25439.866615447867
2025-05-19,25621.5637048323
2025-05-20,25390.115278902245
2025-05-21,25134.87295074927
2025-05-22,25913.57947751528
2025-05-23,25792.446434300866
2025-05-27,22275.295773004018
2025-05-28,21172.12874351598
2025-05-29,21260.8154063999
2025-05-30,20875.789207216407
2025-06-02,20860.64778310103
2025-06-03,21269.46788450746
2025-06-04,21554.99306089118
2025-06-05,21485.77488632214
2025-06-06,21760.484052498545
2025-06-09,21981.11811851274
2025-06-10,22147.6737837818
2025-06-11,22314.23109934232
2025-06-12,22372.63326370404
2025-06-13,21756.15863859049
2025-06-16,22234.19691456596
2025-06-17,22177.956632012538
2025-06-18,22117.39093555106
2025-06-20,21892.43145562882
2025-06-23,22052.498174890075
2025-06-24,23179.45910660104
2025-06-25,23175.13204240153
2025-06-26,22874.46544190244
2025-06-27,22742.51803877217
2025-06-30,22638.69160206434
2025-07-01,22818.225159349015
2025-07-02,22489.43924271894
2025-07-03,22407.241525842834
2025-07-07,22766.3119409951
2025-07-08,22995.5968348254
2025-07-09,22712.23519054143
2025-07-10,22705.746244533624
2025-07-11,22692.768352518007
2025-07-14,22152.000847981308
2025-07-15,22725.21308255705
2025-07-16,22740.35450667241
2025-07-17,23350.340185778157
2025-07-18,23577.463197800153
2025-07-21,24152.8406147671
2025-07-22,24883.957686795795
2025-07-23,25623.727236932053
2025-07-24,25569.650486478382
2025-07-25,25621.5637048323
2025-07-28,25256.00599396368
2025-07-29,24966.15375338045
2025-07-30,24425.38624884375
2025-07-31,24540.028695758898
2025-08-01,23806.74809163045
2025-08-04,24235.036681351754
2025-08-05,24360.495138474223
2025-08-06,24646.020314857935
2025-08-07,24700.097065311606
2025-08-08,24715.23848942698
2025-08-11,24451.343683166437
2025-08-12,25184.624287294886
2025-08-13,25227.885027541233
2025-08-14,24819.064926134804
2025-08-15,25729.717205739642
2025-08-18,25597.769802609368
2025-08-19,25755.674640062323
2025-08-20,25524.226214132275
2025-08-21,26597.108745098114
2025-08-22,27494.783132687327
2025-08-25,27732.722154916642
2025-08-26,26802.601386996936
2025-08-27,26437.042025836858
2025-08-28,26437.042025836858
2025-08-29,26004.4280222075
2025-09-02,26322.399578921708
2025-09-03,26906.427823704766
2025-09-04,26793.948908889375
2025-09-05,26969.157052265997
2025-09-08,27044.864172842845
2025-09-09,27267.660120665336
2025-09-10,26969.157052265997
2025-09-11,27194.11653218824
2025-09-12,27133.550835726757
2025-09-15,27555.348829148807
2025-09-16,27916.581126109373
2025-09-17,29171.1623967511
2025-09-18,28760.180413536375
2025-09-19,28005.26778899329
2025-09-22,27810.592807593242
2025-09-23,27799.776797385926
2025-09-24,28327.566409907013
2025-09-25,28338.379119531415
2025-09-26,28117.74835410014
2025-09-29,28264.835531054323
2025-09-30,28589.296033776343
2025-10-01,29071.659723659865
2025-10-02,29253.360113627212
2025-10-03,29039.21499362083
2025-10-06,29056.519949835954
2025-10-07,28872.65767806031
2025-10-08,28935.388556913
2025-10-09,28390.29398817679
2025-10-10,26880.470389382077
2025-10-13,27589.958741579052
2025-10-14,27492.619600587575
2025-10-15,27596.447687586857
2025-10-16,27546.696351041242
2025-10-17,27791.122668986907
2025-10-20,28457.348630646073
2025-10-21,28273.489659453342
2025-10-22,28132.888127924052
2025-10-23,28831.558819622252
2025-10-24,28976.487415351054
2025-10-27,29798.45138178051
2025-10-28,29856.855196433688
2025-10-29,29867.671206641004
2025-10-30,29419.914128604818
2025-10-31,29173.324278559397
2025-11-03,29132.225420121344
2025-11-04,28950.52833073691
2025-11-05,29491.295835273613
2025-11-06,29577.820616349232
2025-11-07,29370.164442350655
2025-11-10,29878.48721684832
2025-11-11,29657.853150834133
2025-11-12,29426.403074612626
2025-11-13,29086.802798066692
2025-11-14,28325.401227515802
2025-11-17,27912.25406190986
2025-11-18,25865.991673069417
2025-11-19,25528.551628040328
2025-11-20,24427.549780943504
2025-11-21,24494.604423412784
2025-11-24,24548.681173866455
2025-11-25,24658.99820687355
2025-11-26,25048.35147025656
2025-11-28,25108.917166718034
2025-12-01,25582.628378494
2025-12-02,25718.902845823777
2025-12-03,25351.17995256395
2025-12-04,25268.983885979294
2025-12-05,25442.030147547623
2025-12-08,25442.030147547623
2025-12-09,25338.202060548334
2025-12-10,24935.87090514971
2025-12-11,24219.895257236385
2025-12-12,24217.73172513663
2025-12-15,23880.293330398996
2025-12-16,23581.788611708205
2025-12-17,22712.23519054143
2025-12-18,22883.11792001
2025-12-19,23687.78023080725
2025-12-22,24206.917365220772
2025-12-23,24239.36209525981
2025-12-24,24537.866813950593
2025-12-26,24877.46874078799
2025-12-29,24691.444587204045
2025-12-30,24622.226412635006
2025-12-31,24527.05080374328
2026-01-02,25037.535460049243
2026-01-05,25766.490650269643
2026-01-06,26532.217634728582
2026-01-07,26166.658273568508
2026-01-08,26302.93109060683
2026-01-09,26075.809728876287
2026-01-12,25682.13105158523
2026-01-13,24295.602377813233
2026-01-14,23328.709815654976
2026-01-15,23244.350216970568
2026-01-16,23092.93597581688
2026-01-20,22595.429211526527
2026-01-21,22911.23723614099
2026-01-22,22932.867606264164
2026-01-23,23010.73825894076
2026-01-26,23114.566345940053
2026-01-27,23125.38235614737
2026-01-28,22238.522328474017
2026-01-29,22214.728426251088
2026-01-30,21857.82319349002
2026-02-02,22376.958677612096
2026-02-03,22348.83936148111
2026-02-04,22091.43350122837
2026-02-05,21959.486098098103
2026-02-06,22761.986527087047
2026-02-09,22835.53011556414
2026-02-10,22805.2472673334
2026-02-11,22619.22311374946
2026-02-12,21678.287985913892
2026-02-13,21691.265877929505
2026-02-17,22026.542390858842
2026-02-18,22262.31623069695
2026-02-19,22052.498174890075
2026-02-20,22699.257298525812
2026-02-23,22876.6289740022
2026-02-24,23118.891759848102
2026-02-25,23123.218824047613
2026-02-26,22796.59478922584
2026-02-27,22437.526024365026
2026-03-02,22240.68586057377
2026-03-03,21784.277954721478
2026-03-04,21888.106041720763
2026-03-05,21790.766900729282
2026-03-06,22056.825239089583
2026-03-09,22201.750534235467
2026-03-10,22681.95234231069
2026-03-11,22266.643294896454
2026-03-12,21981.11811851274
2026-03-13,22203.914066335223
2026-03-16,22461.3182762965
2026-03-17,22575.96237350311
2026-03-18,21786.441486821233
2026-03-19,21074.791252815958
2026-03-20,20806.57103264736
2026-03-23,20819.548924662977
2026-03-24,21217.55301586209
2026-03-25,22195.261588227662
2026-03-26,21764.81111669806
2026-03-27,21589.601323029976
2026-03-30,21288.93472253089
2026-03-31,22102.24951143569
2026-04-01,22015.726380651526
2026-04-02,21818.887867151727
2026-04-06,21827.540345259287
2026-04-07,21531.199158668252
2026-04-08,22441.85143827308
2026-04-09,21753.99510649074
2026-04-10,21667.47197570658
2026-04-13,21803.746443036354
2026-04-14,22084.944555220565
2026-04-15,22056.825239089583
2026-04-16,22433.19896016552
2026-04-17,22666.810918195322
2026-04-20,22539.188928973108
2026-04-21,21412.22964755359
2026-04-22,21641.516191675342
2026-04-23,21148.33484129305
2026-04-24,21204.575123846476
2026-04-27,21299.7507327382
2026-04-28,21044.50840458522
2026-04-29,21126.704471169876
2026-04-30,21604.74274714534
2026-05-01,21570.13448500655
2026-05-04,21152.66190549256
2026-05-05,20927.702425570318
2026-05-06,22130.36882756668
2026-05-07,21957.324216289806
2026-05-08,21366.805375207485
2026-05-11,21371.132439406992
2026-05-12,20707.070009847586
2026-05-13,21544.177050683866
2026-05-14,20674.62362951709
2026-05-15,20728.70037997076
2026-05-18,20542.67622638682
2026-05-19,21055.32276450108
2026-05-20,21230.53255816916
2026-05-21,21152.66190549256
2026-05-22,20445.33708539534
2026-05-26,20903.908523347385
2026-05-27,18734.349559192775
2026-05-28,17959.97009662627
2026-05-29,18264.96376132487
2026-06-01,18870.622376231102
2026-06-02,19073.951486030168
2026-06-03,18472.61828503199
2026-06-04,18576.44472173982
2026-06-05,18401.236578363194
2026-06-08,17871.28508403381
2026-06-09,17722.032724688415
2026-06-10,17698.238822465482
2026-06-11,17585.759907650092
2026-06-12,17641.99853991206
2026-06-15,18072.45066173312
2026-06-16,17648.487485919864
2026-06-17,17274.277296943685
2026-06-18,17209.384536282698
2026-06-22,16895.740043767993
2026-06-23,16560.463530838657
2026-06-24,16383.091855362278
2026-06-25,15855.303893132648
2026-06-26,16558.30164903036
2026-06-29,16556.138116930604
2026-06-30,16499.897834377178
2026-07-01,17849.65306361918
2026-07-02,17821.533747488193
2026-07-06,18113.54786987972
2026-07-07,17851.81659571893
2026-07-08,18329.8548716944
2026-07-09,18576.44472173982
2026-07-10,18414.214470378807
2026-07-13,18290.9195453561
2026-07-14,18150.32131440972
2026-07-15,18546.16187350908
2026-07-16,18749.490983308147
2026-07-17,18200.071000663884
2026-07-20,18613.21816626982
2026-07-21,18349.32336000928
2026-07-22,18081.101489549226
2026-07-23,18018.37391127945
2026-07-24,17879.93756214137
2026-07-27,18353.64877391733
2026-07-28,18539.672927501273
2026-07-29,19104.234334260906
2026-07-30,18913.88476676891
2026-07-31,19156.14755261482
2026-08-03,19500.07654365172
2026-08-04,19690.426111143715
2026-08-05,19670.95927312029
2026-08-06,19651.490784805414
2026-08-07,19848.330948596675
2026-08-10,20116.55116876527
2026-08-11,19575.783664228566
2026-08-12,19259.97563961411
2026-08-13,18206.559946671692
2026-08-14,18340.670881901715
2026-08-17,18805.73126586157
2026-08-18,18877.111322238907
2026-08-19,19510.890903567582
2026-08-20,19363.80207632194
2026-08-21,19117.21222627652
2026-08-24,18833.850581992556
2026-08-25,18980.939409238195
2026-08-26,18762.46887532376
2026-08-27,18319.04051177854
2026-08-28,18535.34751359322
2026-08-31,18169.788152433146
2026-09-01,17990.25294485701
2026-09-02,17791.250899257455
2026-09-03,17657.13996402743
2026-09-04,17782.59842114989
2026-09-08,17250.48339472075
2026-09-09,17003.893544675335
2026-09-10,16837.336229114815
2026-09-11,16830.847283107007
2026-09-14,17170.449209944396
2026-09-15,16889.251097760185
2026-09-16,17036.33992500583
2026-09-17,16813.54397718334
2026-09-18,17066.622773236566
