signal_week,entry_date,entry_px,exit_date,exit_px,months_held,return,reason,capital_in,capital_out
2002-02-22,2002-02-25,10.652,2002-12-26,11.61,10.0,0.08989388872967896,time,10000.0,10898.93888729679
2006-07-07,2006-07-10,23.874,2007-05-10,27.738,10.0,0.16184719337400044,time,10898.93888729679,12662.901556960527
2008-10-24,2008-10-27,22.065,2009-06-01,28.997,7.1,0.31417937777333504,target,12662.901556960527,16641.324088931382
2010-07-02,2010-07-06,21.699,2010-09-17,28.398,2.4,0.3087412670791727,target,16641.324088931382,21779.187574023217
2015-08-21,2015-08-24,39.522,2016-06-24,39.456,10.0,-0.0016512722831317772,time,21779.187574023217,21743.224205233106
2017-02-03,2017-02-06,41.018,2017-11-22,54.024,9.5,0.3170772039797882,target,21743.224205233106,28637.50494173407
2020-03-20,2020-03-23,53.478,2020-05-08,69.995,1.5,0.3088548820991812,target,28637.50494173407,37482.33815412806
2025-04-04,2025-04-07,120.633,2025-07-02,158.109,2.8,0.31065965747901925,target,37482.33815412806,49126.58848660226
2026-03-27,2026-03-30,126.294,2026-04-30,177.951,1.0,0.40902310110643825,target,49126.58848660226,69220.49805617216
