signal_week,rsi,entry_date,entry_px,ret_1m,ret_2m,ret_3m,ret_4m,ret_5m,ret_6m,ret_7m,ret_8m,ret_9m,ret_10m,ret_11m,ret_12m,best_in_window,best_date,worst_in_window,worst_date,mean_in_window,max_dd_pre_window,max_dd_to_10m,complete
2002-02-22,31.31,2002-02-25,10.6522,0.12997449145972562,-0.07243046631573424,-0.10077282396967424,-0.24534835655911114,-0.2656738953456709,-0.14400240844099454,-0.18837652373369618,0.0455199524937393,0.19954189313671233,0.08989388872967896,0.04151203546614424,-0.004580487569485703,0.1875178734687839,2002-12-06,-0.2685371920235038,2002-08-02,-0.06053759919770827,0.02977405897518004,-0.2685371920235038,True
2002-05-03,31.8,2002-05-06,8.1271,0.15422164558679863,0.019137207552923696,-0.055159233365707605,0.06791747741476795,0.10656670778487976,0.3452157251856278,0.5564727051781846,0.4022514028764468,0.37260846665975844,0.31257029977005435,0.284787505765455,0.23368123672823637,0.5564727051781846,2002-12-06,-0.041275991793873645,2002-08-02,0.24756185883252133,0.005628881093859395,-0.041275991793873645,True
2006-07-07,31.54,2006-07-10,23.8739,-0.11140269220857524,-0.03202809044330046,-0.025190733527496456,-0.07331340040529932,0.02700668872850187,0.0169819420401649,0.0037914564372345527,0.06156489337601245,0.13776944203359887,0.16184719337400044,0.0986417079738715,0.14695212214376996,0.19624529352220876,2007-05-18,-0.1268677961745942,2006-08-11,0.0538028494225363,-0.09724798444891991,-0.1268677961745942,True
2008-10-24,31.93,2008-10-27,22.0646,-0.01956815487042618,0.0006861588415298936,0.04558518317852389,-0.014402788804067534,0.14804466318329412,0.27275530993300334,0.25587031832782614,0.36420149713196337,0.375745122983546,0.40361332493325697,0.3655900447626479,0.2179501656753271,0.40297580150822454,2009-07-17,-0.06834124697911603,2008-12-05,0.2030752728228822,-0.118867074676411,-0.118867074676411,True
2008-11-21,30.07,2008-11-24,19.9767,0.10721901493953157,0.18565766481651957,0.11791481689365124,0.23840129822109768,0.34683809069879223,0.40968670432898713,0.4799748214241941,0.5479745068470097,0.5499352558800636,0.46533269696159274,0.33474639125425343,0.500519529932979,0.549609291855967,2009-07-17,0.08860793953443791,2009-02-27,0.35863267060952825,0.02903204671676729,0.02903204671676729,True
2010-07-02,30.2,2010-07-06,21.6991,0.18340444264473366,0.24842773888632985,0.3739782481367766,0.47091046243608337,0.4928262092217628,0.6272182243969202,0.7013643064526653,0.7847325012835178,0.6595091557044743,0.7534262253889297,0.757347442847635,0.8264209936972164,0.8293663457395006,2011-02-25,0.16197170616919987,2010-08-13,0.5581577211984601,0.03827324919077535,0.03827324919077535,True
2015-08-21,31.81,2015-08-24,39.5215,-0.008511673025957012,0.10204650917965474,-0.08035592544459402,-0.06864558159685685,-0.1056738504213025,-0.031616830162195075,-0.03504982967286063,-0.005262451485553599,0.05469134695272637,-0.0016512722831317772,0.1632716959710283,0.1992828155041817,0.20215608368630256,2016-08-19,-0.17258862557142685,2016-02-05,-0.0023026854765897755,0.010472958085868012,-0.17258862557142685,True
2015-11-20,30.34,2015-11-23,36.1103,0.008843699890373813,-0.02119082350868362,0.03723351330807301,0.05880457824053087,0.08870599517311528,0.12504480000049245,0.16456569449698555,0.27316081644872514,0.3226364900365739,0.3266751092534357,0.43893974407770764,0.44041986685687196,0.44824272404355914,2016-09-30,-0.09442674084225278,2016-02-05,0.17051390292248433,-0.024276886369844486,-0.09442674084225278,True
2017-02-03,31.95,2017-02-06,41.018,0.06880078408365642,0.0703155771189532,0.03415240441621914,0.11278632644453457,0.047587171550670604,0.007626135194792161,-0.024709599678396255,0.01472747155218368,0.20862563009791235,0.26677859796333436,0.29192697096601417,0.2554714975197916,0.3359857047634578,2018-01-26,-0.04036819607733777,2017-09-08,0.11073699528337438,0.012943813913188329,-0.04036819607733777,True
2017-09-08,31.07,2017-09-11,39.6001,0.08370047773312539,0.33139779084350085,0.31617621130289697,0.3212245114370931,0.32586899379922984,0.2792049217882613,0.12034790385327998,0.12482862423724361,0.23330263196752354,0.17918006882595394,0.33434560278118997,0.5057748204416626,0.46154174683138427,2018-09-07,0.04091978020809073,2018-04-27,0.24524664796953619,0.0380456611605795,0.0380456611605795,True
2020-03-20,29.79,2020-03-23,53.4783,0.19918761850144961,0.2675872446269074,0.46290084140056464,0.46814015050073277,0.897760215458995,0.8200261306698475,1.1214160135229152,1.3673344170349293,1.4294604252521532,1.717768084974236,1.2667904704407582,1.2011867593526073,1.6850362771025411,2021-01-22,0.22891964550318544,2020-05-01,0.9702960157585426,0.05978904121840167,0.05978904121840167,True
2025-04-04,28.25,2025-04-07,120.6331,0.1581989807496884,0.25486460899940466,0.27650413995868983,0.1780753778048978,0.30122773224584476,0.3436168156760677,0.38771084794717137,0.4308777138851898,0.47070829889531507,0.13394453715685994,0.13448932643334,0.01915925804798535,0.46899689910177567,2025-10-31,0.04158454033893855,2026-04-03,0.27061856665772227,0.0968778691377643,0.04158454033893855,True
2026-03-27,31.31,2026-03-30,126.2936,0.40902310110643825,0.796704637422845,0.4552570199126815,0.19387942429907334,0.34256296040676393,,,,,,,,,,,,,-0.005100056881036874,-0.005100056881036874,False
