date,ticker,side,reason,shares,price,amount,gain_pct,held_days
1968-01-02,CDNS,BUY,top10,580.7707,17.2185,10000.0,,
1968-01-02,COO,BUY,top10,223.2756,44.7877,10000.0,,
1968-01-02,FTNT,BUY,top10,563.1994,17.7557,10000.0,,
1968-01-02,GILD,BUY,top10,426.918,23.4237,10000.0,,
1968-01-02,HAE,BUY,top10,821.4564,12.1735,10000.0,,
1968-01-02,MOG-A,BUY,top10,250.0675,39.9892,10000.0,,
1968-01-02,SWKS,BUY,top10,187.3733,53.3694,10000.0,,
1968-01-02,GE,BUY,top10,1017.5321,9.8277,10000.0,,
1968-01-02,SLM,BUY,top10,354.5131,28.2077,10000.0,,
1968-01-02,IESC,BUY,top10,245.5277,40.7286,10000.0,,
1968-04-01,XOM,BUY,top10,32.3054,24.904,804.53,,
1968-07-01,SWK,BUY,top10,34.7639,25.1581,874.59,,
1968-10-01,KR,BUY,top10,20.8392,40.9354,853.06,,
1968-12-31,CDNS,SELL,withdrawal,24.0114,19.2929,463.25,12.05,364.0
1968-12-31,COO,SELL,withdrawal,9.2311,51.5107,475.5,15.01,364.0
1968-12-31,FTNT,SELL,withdrawal,23.285,18.7129,435.73,5.39,364.0
1968-12-31,GILD,SELL,withdrawal,17.6505,19.5487,345.04,-16.54,364.0
1968-12-31,HAE,SELL,withdrawal,33.9623,10.1661,345.26,-16.49,364.0
1968-12-31,MOG-A,SELL,withdrawal,10.3388,39.5781,409.19,-1.03,364.0
1968-12-31,SWKS,SELL,withdrawal,7.7468,66.7044,516.74,24.99,364.0
1968-12-31,GE,SELL,withdrawal,42.0689,7.257,305.29,-26.16,364.0
1968-12-31,SLM,SELL,withdrawal,14.657,27.0423,396.36,-4.13,364.0
1968-12-31,IESC,SELL,withdrawal,10.1511,40.0901,406.96,-1.57,364.0
1968-12-31,XOM,SELL,withdrawal,1.3356,29.8375,39.85,19.81,274.0
1968-12-31,SWK,SELL,withdrawal,1.4373,27.7258,39.85,10.21,183.0
1968-12-31,KR,SELL,withdrawal,0.8616,40.4282,34.83,-1.24,91.0
1969-04-01,PCTY,BUY,top10,8.5528,92.713,792.96,,
1969-07-01,TKR,BUY,top10,25.0004,37.9344,948.37,,
1969-10-01,XOM,SELL,replaced,30.9698,51.0636,1581.43,105.04,548.0
1969-10-01,MTD,BUY,top10,32.2028,77.6666,2501.08,,
1969-12-31,CDNS,SELL,withdrawal,37.2881,11.5311,429.97,-33.03,729.0
1969-12-31,COO,SELL,withdrawal,14.3353,27.7739,398.15,-37.99,729.0
1969-12-31,FTNT,SELL,withdrawal,36.1599,40.5883,1467.67,128.59,729.0
1969-12-31,GILD,SELL,withdrawal,27.41,16.2164,444.49,-30.77,729.0
1969-12-31,HAE,SELL,withdrawal,52.7412,9.2446,487.57,-24.06,729.0
1969-12-31,MOG-A,SELL,withdrawal,16.0554,38.5098,618.29,-3.7,729.0
1969-12-31,SWKS,SELL,withdrawal,12.0302,68.5845,825.09,28.51,729.0
1969-12-31,GE,SELL,withdrawal,65.3301,7.0838,462.79,-27.92,729.0
1969-12-31,SLM,SELL,withdrawal,22.7613,35.1374,799.77,24.57,729.0
1969-12-31,IESC,SELL,withdrawal,15.764,73.1114,1152.53,79.51,729.0
1969-12-31,SWK,SELL,withdrawal,2.232,20.5778,45.93,-18.21,548.0
1969-12-31,KR,SELL,withdrawal,1.338,33.6178,44.98,-17.88,456.0
1969-12-31,PCTY,SELL,withdrawal,0.5728,82.6083,47.32,-10.9,274.0
1969-12-31,TKR,SELL,withdrawal,1.6744,48.8925,81.86,28.89,183.0
1969-12-31,MTD,SELL,withdrawal,2.1567,58.7176,126.64,-24.4,91.0
1970-01-02,FTNT,SELL,replaced,503.7546,39.5684,19932.76,122.85,731.0
1970-01-02,FNB,BUY,top10,384.9718,26.9857,10388.73,,
1970-01-02,TXT,BUY,top10,247.5837,38.5487,9544.03,,
1970-04-01,FIS,BUY,top10,27.7332,30.1955,837.42,,
1970-07-01,TFC,BUY,top10,14.295,48.4078,691.99,,
1970-10-01,SCHW,BUY,top10,33.7644,22.9095,773.53,,
1970-12-31,CDNS,SELL,withdrawal,22.0381,14.6392,322.62,-14.98,1094.0
1970-12-31,COO,SELL,withdrawal,8.4725,29.0095,245.78,-35.23,1094.0
1970-12-31,GILD,SELL,withdrawal,16.1999,27.6699,448.25,18.13,1094.0
1970-12-31,HAE,SELL,withdrawal,31.1712,7.2023,224.5,-40.84,1094.0
1970-12-31,MOG-A,SELL,withdrawal,9.4891,29.0838,275.98,-27.27,1094.0
1970-12-31,SWKS,SELL,withdrawal,7.1101,73.1235,519.92,37.01,1094.0
1970-12-31,GE,SELL,withdrawal,38.6115,6.1054,235.74,-37.88,1094.0
1970-12-31,SLM,SELL,withdrawal,13.4525,31.5754,424.77,11.94,1094.0
1970-12-31,IESC,SELL,withdrawal,9.3169,52.5197,489.32,28.95,1094.0
1970-12-31,SWK,SELL,withdrawal,1.3192,18.8044,24.81,-25.26,913.0
1970-12-31,KR,SELL,withdrawal,0.7908,24.9718,19.75,-39.0,821.0
1970-12-31,PCTY,SELL,withdrawal,0.3385,81.7757,27.68,-11.8,639.0
1970-12-31,TKR,SELL,withdrawal,0.9896,40.2645,39.85,6.14,548.0
1970-12-31,MTD,SELL,withdrawal,1.2747,69.1206,88.11,-11.0,456.0
1970-12-31,FNB,SELL,withdrawal,16.3321,23.9119,390.53,-11.39,363.0
1970-12-31,TXT,SELL,withdrawal,10.5035,28.4352,298.67,-26.24,363.0
1970-12-31,FIS,SELL,withdrawal,1.1766,40.5652,47.73,34.34,274.0
1970-12-31,TFC,SELL,withdrawal,0.6065,64.2396,38.96,32.71,183.0
1970-12-31,SCHW,SELL,withdrawal,1.4324,31.1725,44.65,36.07,91.0
1971-04-01,DAR,BUY,top10,13.6074,66.5677,905.82,,
1971-07-01,SCHW,SELL,replaced,32.332,52.0936,1684.29,127.39,273.0
1971-07-01,HRL,BUY,top10,59.2305,43.6995,2588.34,,
1971-10-01,SWKS,SELL,replaced,160.4862,107.9317,17321.55,102.24,1368.0
1971-10-01,MRSH,BUY,top10,799.0986,15.1152,12078.54,,
1971-10-01,TDG,BUY,top10,69.3839,90.3857,6271.31,,
1971-12-31,CDNS,SELL,withdrawal,46.2609,17.8822,827.25,3.85,1459.0
1971-12-31,COO,SELL,withdrawal,17.7849,28.7811,511.87,-35.74,1459.0
1971-12-31,GILD,SELL,withdrawal,34.0059,43.4487,1477.51,85.49,1459.0
1971-12-31,HAE,SELL,withdrawal,65.4325,7.5518,494.13,-37.97,1459.0
1971-12-31,MOG-A,SELL,withdrawal,19.919,44.7515,891.4,11.91,1459.0
1971-12-31,GE,SELL,withdrawal,81.0508,9.4989,769.89,-3.35,1459.0
1971-12-31,SLM,SELL,withdrawal,28.2385,47.5778,1343.53,68.67,1459.0
1971-12-31,IESC,SELL,withdrawal,19.5573,36.8357,720.41,-9.56,1459.0
1971-12-31,SWK,SELL,withdrawal,2.7691,25.2385,69.89,0.32,1278.0
1971-12-31,KR,SELL,withdrawal,1.6599,26.5232,44.03,-35.21,1186.0
1971-12-31,PCTY,SELL,withdrawal,0.7106,98.7793,70.2,6.54,1004.0
1971-12-31,TKR,SELL,withdrawal,2.0773,45.9186,95.39,21.05,913.0
1971-12-31,MTD,SELL,withdrawal,2.6757,68.8191,184.14,-11.39,821.0
1971-12-31,FNB,SELL,withdrawal,34.2832,31.9843,1096.52,18.52,728.0
1971-12-31,TXT,SELL,withdrawal,22.0483,36.206,798.28,-6.08,728.0
1971-12-31,FIS,SELL,withdrawal,2.4697,38.9938,96.3,29.14,639.0
1971-12-31,TFC,SELL,withdrawal,1.273,61.0249,77.69,26.06,548.0
1971-12-31,DAR,SELL,withdrawal,1.2655,47.0104,59.49,-29.38,274.0
1971-12-31,HRL,SELL,withdrawal,5.5084,52.4162,288.73,19.95,183.0
1971-12-31,MRSH,SELL,withdrawal,74.3155,16.6794,1239.54,10.35,91.0
1971-12-31,TDG,SELL,withdrawal,6.4526,88.7139,572.44,-1.85,91.0
1972-04-03,CLF,BUY,top10,87.049,11.207,975.56,,
1972-07-03,FRT,BUY,top10,42.5767,24.959,1062.67,,
1972-10-02,TCBI,BUY,top10,95.4008,11.1107,1059.97,,
1972-12-29,CDNS,SELL,withdrawal,30.3525,19.673,597.12,14.26,1823.0
1972-12-29,COO,SELL,withdrawal,11.6689,36.5679,426.71,-18.35,1823.0
1972-12-29,GILD,SELL,withdrawal,22.3118,34.6443,772.98,47.9,1823.0
1972-12-29,HAE,SELL,withdrawal,42.9313,5.8818,252.51,-51.68,1823.0
1972-12-29,MOG-A,SELL,withdrawal,13.0691,58.9405,770.3,47.39,1823.0
1972-12-29,GE,SELL,withdrawal,53.1787,15.3715,817.44,56.41,1823.0
1972-12-29,SLM,SELL,withdrawal,18.5277,42.3868,785.33,50.27,1823.0
1972-12-29,IESC,SELL,withdrawal,12.8319,24.8144,318.42,-39.07,1823.0
1972-12-29,SWK,SELL,withdrawal,1.8168,22.9354,41.67,-8.83,1642.0
1972-12-29,KR,SELL,withdrawal,1.0891,18.7981,20.47,-54.08,1550.0
1972-12-29,PCTY,SELL,withdrawal,0.4663,162.4376,75.74,75.2,1368.0
1972-12-29,TKR,SELL,withdrawal,1.3629,54.9451,74.89,44.84,1277.0
1972-12-29,MTD,SELL,withdrawal,1.7556,99.1694,174.1,27.69,1185.0
1972-12-29,FNB,SELL,withdrawal,22.4937,36.9579,831.32,36.95,1092.0
1972-12-29,TXT,SELL,withdrawal,14.4662,35.3951,512.03,-8.18,1092.0
1972-12-29,FIS,SELL,withdrawal,1.6204,51.9611,84.2,72.08,1003.0
1972-12-29,TFC,SELL,withdrawal,0.8352,84.5296,70.6,74.62,912.0
1972-12-29,DAR,SELL,withdrawal,0.8303,88.4082,73.41,32.81,638.0
1972-12-29,HRL,SELL,withdrawal,3.6141,60.7693,219.63,39.06,547.0
1972-12-29,MRSH,SELL,withdrawal,48.7596,16.0472,782.45,6.17,455.0
1972-12-29,TDG,SELL,withdrawal,4.2337,144.9122,613.51,60.33,455.0
1972-12-29,CLF,SELL,withdrawal,5.8562,14.4774,84.78,29.18,270.0
1972-12-29,FRT,SELL,withdrawal,2.8643,30.5248,87.43,22.3,179.0
1972-12-29,TCBI,SELL,withdrawal,6.4181,14.0518,90.19,26.47,88.0
1973-04-02,PCTY,SELL,replaced,6.4645,189.273,1223.56,104.15,1462.0
1973-04-02,STRL,BUY,top10,134.3149,16.4408,2208.24,,
1973-07-02,AXTA,BUY,top10,47.9218,20.2763,971.68,,
1973-10-01,ENSG,BUY,top10,18.407,50.6385,932.1,,
1973-12-31,CDNS,SELL,withdrawal,17.506,15.4721,270.85,-10.14,2190.0
1973-12-31,COO,SELL,withdrawal,6.7301,26.6806,179.56,-40.43,2190.0
1973-12-31,GILD,SELL,withdrawal,12.8685,40.8685,525.91,74.47,2190.0
1973-12-31,HAE,SELL,withdrawal,24.7609,4.5043,111.53,-63.0,2190.0
1973-12-31,MOG-A,SELL,withdrawal,7.5377,60.2417,454.08,50.64,2190.0
1973-12-31,GE,SELL,withdrawal,30.6712,14.4387,442.85,46.92,2190.0
1973-12-31,SLM,SELL,withdrawal,10.686,31.1281,332.63,10.35,2190.0
1973-12-31,IESC,SELL,withdrawal,7.4009,23.7845,176.03,-41.6,2190.0
1973-12-31,SWK,SELL,withdrawal,1.0479,20.312,21.28,-19.26,2009.0
1973-12-31,KR,SELL,withdrawal,0.6282,14.9572,9.4,-63.46,1917.0
1973-12-31,TKR,SELL,withdrawal,0.7861,43.9549,34.55,15.87,1644.0
1973-12-31,MTD,SELL,withdrawal,1.0125,89.235,90.35,14.89,1552.0
1973-12-31,FNB,SELL,withdrawal,12.9734,26.4178,342.73,-2.1,1459.0
1973-12-31,TXT,SELL,withdrawal,8.3435,25.6812,214.27,-33.38,1459.0
1973-12-31,FIS,SELL,withdrawal,0.9346,41.6536,38.93,37.95,1370.0
1973-12-31,TFC,SELL,withdrawal,0.4817,63.2327,30.46,30.63,1279.0
1973-12-31,DAR,SELL,withdrawal,0.4789,58.5101,28.02,-12.1,1005.0
1973-12-31,HRL,SELL,withdrawal,2.0845,58.8962,122.77,34.78,914.0
1973-12-31,MRSH,SELL,withdrawal,28.1224,10.6999,300.91,-29.21,822.0
1973-12-31,TDG,SELL,withdrawal,2.4418,110.0649,268.76,21.77,822.0
1973-12-31,CLF,SELL,withdrawal,3.3776,12.1039,40.88,8.0,637.0
1973-12-31,FRT,SELL,withdrawal,1.652,27.263,45.04,9.23,546.0
1973-12-31,TCBI,SELL,withdrawal,3.7017,13.5817,50.27,22.24,455.0
1973-12-31,STRL,SELL,withdrawal,5.5875,13.53,75.6,-17.7,273.0
1973-12-31,AXTA,SELL,withdrawal,1.9935,28.245,56.31,39.3,182.0
1973-12-31,ENSG,SELL,withdrawal,0.7657,39.4354,30.2,-22.12,91.0
1974-04-01,GILD,SELL,replaced,296.4715,48.7771,14461.02,108.24,2281.0
1974-04-01,BDX,BUY,top10,477.2681,21.69,10351.94,,
1974-04-01,DELL,BUY,top10,107.8903,46.5999,5027.68,,
1974-07-01,IESC,SELL,replaced,170.5057,91.6205,15621.82,124.95,2372.0
1974-07-01,MTZ,BUY,top10,1043.5621,10.0257,10462.44,,
1974-07-01,QCOM,BUY,top10,174.3475,34.7773,6063.34,,
1974-10-01,JBHT,BUY,top10,14.8983,53.027,790.01,,
1974-12-31,CDNS,SELL,withdrawal,16.7173,12.3698,206.79,-28.16,2555.0
1974-12-31,COO,SELL,withdrawal,6.4269,19.6581,126.34,-56.11,2555.0
1974-12-31,HAE,SELL,withdrawal,23.6453,2.9207,69.06,-76.01,2555.0
1974-12-31,MOG-A,SELL,withdrawal,7.1981,41.7335,300.4,4.36,2555.0
1974-12-31,GE,SELL,withdrawal,29.2893,13.089,383.37,33.18,2555.0
1974-12-31,SLM,SELL,withdrawal,10.2045,21.7985,222.44,-22.72,2555.0
1974-12-31,SWK,SELL,withdrawal,1.0007,14.9092,14.92,-40.74,2374.0
1974-12-31,KR,SELL,withdrawal,0.5998,14.9971,9.0,-63.36,2282.0
1974-12-31,TKR,SELL,withdrawal,0.7507,23.3376,17.52,-38.48,2009.0
1974-12-31,MTD,SELL,withdrawal,0.9669,67.4696,65.24,-13.13,1917.0
1974-12-31,FNB,SELL,withdrawal,12.3889,17.2349,213.52,-36.13,1824.0
1974-12-31,TXT,SELL,withdrawal,7.9676,18.1603,144.69,-52.89,1824.0
1974-12-31,FIS,SELL,withdrawal,0.8925,25.0598,22.37,-17.01,1735.0
1974-12-31,TFC,SELL,withdrawal,0.46,38.3148,17.63,-20.85,1644.0
1974-12-31,DAR,SELL,withdrawal,0.4573,90.6468,41.45,36.17,1370.0
1974-12-31,HRL,SELL,withdrawal,1.9906,48.2065,95.96,10.31,1279.0
1974-12-31,MRSH,SELL,withdrawal,26.8553,7.4986,201.38,-50.39,1187.0
1974-12-31,TDG,SELL,withdrawal,2.3318,69.7673,162.68,-22.81,1187.0
1974-12-31,CLF,SELL,withdrawal,3.2254,3.3626,10.85,-70.0,1002.0
1974-12-31,FRT,SELL,withdrawal,1.5776,18.5611,29.28,-25.63,911.0
1974-12-31,TCBI,SELL,withdrawal,3.5349,9.6305,34.04,-13.32,820.0
1974-12-31,STRL,SELL,withdrawal,5.3357,6.3388,33.82,-61.44,638.0
1974-12-31,AXTA,SELL,withdrawal,1.9037,16.3966,31.21,-19.13,547.0
1974-12-31,ENSG,SELL,withdrawal,0.7312,18.6627,13.65,-63.15,456.0
1974-12-31,BDX,SELL,withdrawal,19.7826,16.6901,330.17,-23.05,274.0
1974-12-31,DELL,SELL,withdrawal,4.472,24.7691,110.77,-46.85,274.0
1974-12-31,MTZ,SELL,withdrawal,43.2554,8.5782,371.05,-14.44,183.0
1974-12-31,QCOM,SELL,withdrawal,7.2267,30.8933,223.26,-11.17,183.0
1974-12-31,JBHT,SELL,withdrawal,0.6175,55.3852,34.2,4.45,91.0
1975-04-01,CLH,BUY,top10,11.1386,78.3091,872.25,,
1975-07-01,GE,SELL,replaced,677.3317,27.6762,18745.97,181.61,2737.0
1975-07-01,STWD,BUY,top10,168.9738,76.8013,12977.41,,
1975-07-01,MOG-A,SELL,replaced,166.4603,83.4742,13895.14,108.74,2737.0
1975-07-01,VMRK,BUY,top10,395.8071,32.7872,12977.41,,
1975-07-01,ALV,BUY,top10,70.1192,110.1118,7720.96,,
1975-10-01,AAPL,BUY,top10,18.0444,59.5313,1074.21,,
1975-12-31,CDNS,SELL,withdrawal,35.4523,24.6225,872.92,43.0,2920.0
1975-12-31,COO,SELL,withdrawal,13.6295,31.0546,423.26,-30.66,2920.0
1975-12-31,HAE,SELL,withdrawal,50.1446,7.4877,375.47,-38.49,2920.0
1975-12-31,SLM,SELL,withdrawal,21.6407,26.2503,568.08,-6.94,2920.0
1975-12-31,SWK,SELL,withdrawal,2.1221,17.6171,37.39,-29.97,2739.0
1975-12-31,KR,SELL,withdrawal,1.2721,15.4171,19.61,-62.34,2647.0
1975-12-31,TKR,SELL,withdrawal,1.5919,37.4962,59.69,-1.16,2374.0
1975-12-31,MTD,SELL,withdrawal,2.0506,71.4448,146.5,-8.01,2282.0
1975-12-31,FNB,SELL,withdrawal,26.2731,26.0291,683.87,-3.54,2189.0
1975-12-31,TXT,SELL,withdrawal,16.8968,31.6421,534.65,-17.92,2189.0
1975-12-31,FIS,SELL,withdrawal,1.8927,35.1713,66.57,16.48,2100.0
1975-12-31,TFC,SELL,withdrawal,0.9756,65.7143,64.11,35.75,2009.0
1975-12-31,DAR,SELL,withdrawal,0.9698,131.0805,127.12,96.91,1735.0
1975-12-31,HRL,SELL,withdrawal,4.2214,47.9735,202.51,9.78,1644.0
1975-12-31,MRSH,SELL,withdrawal,56.9521,9.8041,558.36,-35.14,1552.0
1975-12-31,TDG,SELL,withdrawal,4.945,88.1916,436.11,-2.43,1552.0
1975-12-31,CLF,SELL,withdrawal,6.8401,4.2075,28.78,-62.46,1367.0
1975-12-31,FRT,SELL,withdrawal,3.3456,31.6337,105.83,26.74,1276.0
1975-12-31,TCBI,SELL,withdrawal,7.4964,15.4137,115.55,38.73,1185.0
1975-12-31,STRL,SELL,withdrawal,11.3155,12.1297,137.25,-26.22,1003.0
1975-12-31,AXTA,SELL,withdrawal,4.0372,19.9744,80.64,-1.49,912.0
1975-12-31,ENSG,SELL,withdrawal,1.5507,10.6915,16.58,-78.89,821.0
1975-12-31,BDX,SELL,withdrawal,41.953,22.0535,925.21,1.68,639.0
1975-12-31,DELL,SELL,withdrawal,9.4838,32.3621,306.92,-30.55,639.0
1975-12-31,MTZ,SELL,withdrawal,91.7316,14.2015,1302.73,41.65,548.0
1975-12-31,QCOM,SELL,withdrawal,15.3256,34.0276,521.49,-2.16,548.0
1975-12-31,JBHT,SELL,withdrawal,1.3096,65.2071,85.4,22.97,456.0
1975-12-31,CLH,SELL,withdrawal,1.0214,133.7989,136.67,70.86,274.0
1975-12-31,STWD,SELL,withdrawal,15.4955,83.7045,1297.04,8.99,183.0
1975-12-31,VMRK,SELL,withdrawal,36.2969,29.2129,1060.34,-10.9,183.0
1975-12-31,ALV,SELL,withdrawal,6.4302,82.5192,530.61,-25.06,183.0
1975-12-31,AAPL,SELL,withdrawal,1.6547,57.5445,95.22,-3.34,91.0
1976-04-01,CLH,SELL,replaced,10.1171,172.9944,1750.21,120.91,366.0
1976-04-01,DAR,SELL,replaced,9.6057,141.7481,1361.58,112.94,1827.0
1976-04-01,DBX,BUY,top10,197.5257,21.491,4245.02,,
1976-07-01,CLX,BUY,top10,13.3324,89.567,1194.15,,
1976-10-01,NI,BUY,top10,5.8988,209.6656,1236.78,,
1976-12-31,CDNS,SELL,withdrawal,32.4436,30.2048,979.95,75.42,3286.0
1976-12-31,COO,SELL,withdrawal,12.4728,25.6371,319.77,-42.76,3286.0
1976-12-31,HAE,SELL,withdrawal,45.889,6.9404,318.49,-42.99,3286.0
1976-12-31,SLM,SELL,withdrawal,19.8042,36.2352,717.61,28.46,3286.0
1976-12-31,SWK,SELL,withdrawal,1.942,21.6462,42.04,-13.96,3105.0
1976-12-31,KR,SELL,withdrawal,1.1641,13.3399,15.53,-67.41,3013.0
1976-12-31,TKR,SELL,withdrawal,1.4568,47.1497,68.69,24.29,2740.0
1976-12-31,MTD,SELL,withdrawal,1.8765,69.9749,131.31,-9.9,2648.0
1976-12-31,FNB,SELL,withdrawal,24.0434,32.5977,783.76,20.8,2555.0
1976-12-31,TXT,SELL,withdrawal,15.4628,36.9536,571.41,-4.14,2555.0
1976-12-31,FIS,SELL,withdrawal,1.7321,55.066,95.38,82.36,2466.0
1976-12-31,TFC,SELL,withdrawal,0.8928,88.5753,79.08,82.98,2375.0
1976-12-31,HRL,SELL,withdrawal,3.8631,62.7395,242.37,43.57,2010.0
1976-12-31,MRSH,SELL,withdrawal,52.1188,14.9942,781.48,-0.8,1918.0
1976-12-31,TDG,SELL,withdrawal,4.5254,90.203,408.2,-0.2,1918.0
1976-12-31,CLF,SELL,withdrawal,6.2597,3.6445,22.81,-67.48,1733.0
1976-12-31,FRT,SELL,withdrawal,3.0617,28.9261,88.56,15.89,1642.0
1976-12-31,TCBI,SELL,withdrawal,6.8602,15.5804,106.89,40.23,1551.0
1976-12-31,STRL,SELL,withdrawal,10.3552,9.5347,98.73,-42.01,1369.0
1976-12-31,AXTA,SELL,withdrawal,3.6946,20.991,77.55,3.52,1278.0
1976-12-31,ENSG,SELL,withdrawal,1.4191,13.7346,19.49,-72.88,1187.0
1976-12-31,BDX,SELL,withdrawal,38.3927,22.5012,863.88,3.74,1005.0
1976-12-31,DELL,SELL,withdrawal,8.679,26.6757,231.52,-42.76,1005.0
1976-12-31,MTZ,SELL,withdrawal,83.9468,16.6279,1395.86,65.85,914.0
1976-12-31,QCOM,SELL,withdrawal,14.025,34.7767,487.74,-0.0,914.0
1976-12-31,JBHT,SELL,withdrawal,1.1985,94.9306,113.77,79.02,822.0
1976-12-31,STWD,SELL,withdrawal,14.1805,87.2907,1237.82,13.66,549.0
1976-12-31,VMRK,SELL,withdrawal,33.2166,38.8123,1289.21,18.38,549.0
1976-12-31,ALV,SELL,withdrawal,5.8845,133.141,783.47,20.91,549.0
1976-12-31,AAPL,SELL,withdrawal,1.5143,65.4238,99.07,9.9,457.0
1976-12-31,DBX,SELL,withdrawal,18.2502,21.5646,393.56,0.34,274.0
1976-12-31,CLX,SELL,withdrawal,1.2318,81.3815,100.25,-9.14,183.0
1976-12-31,NI,SELL,withdrawal,0.545,213.8159,116.53,1.98,91.0
1977-04-01,DLTR,BUY,top10,29.5465,35.5361,1049.97,,
1977-07-01,ST,BUY,top10,77.8295,13.924,1083.7,,
1977-10-03,TCBI,SELL,replaced,67.3896,23.2713,1568.24,109.45,1827.0
1977-10-03,ANET,BUY,top10,51.3756,51.7633,2659.37,,
1977-12-30,CDNS,SELL,withdrawal,13.2159,28.7163,379.51,66.78,3650.0
1977-12-30,COO,SELL,withdrawal,5.0808,31.6599,160.86,-29.31,3650.0
1977-12-30,HAE,SELL,withdrawal,18.6929,6.3817,119.29,-47.58,3650.0
1977-12-30,SLM,SELL,withdrawal,8.0672,30.6956,247.63,8.82,3650.0
1977-12-30,SWK,SELL,withdrawal,0.7911,14.6052,11.55,-41.95,3469.0
1977-12-30,KR,SELL,withdrawal,0.4742,11.1427,5.28,-72.78,3377.0
1977-12-30,TKR,SELL,withdrawal,0.5934,47.1408,27.98,24.27,3104.0
1977-12-30,MTD,SELL,withdrawal,0.7644,62.1929,47.54,-19.92,3012.0
1977-12-30,FNB,SELL,withdrawal,9.7941,26.7367,261.86,-0.92,2919.0
1977-12-30,TXT,SELL,withdrawal,6.2988,22.1333,139.41,-42.58,2919.0
1977-12-30,FIS,SELL,withdrawal,0.7056,54.9786,38.79,82.08,2830.0
1977-12-30,TFC,SELL,withdrawal,0.3637,51.7552,18.82,6.92,2739.0
1977-12-30,HRL,SELL,withdrawal,1.5736,63.7689,100.35,45.93,2374.0
1977-12-30,MRSH,SELL,withdrawal,21.2306,14.257,302.68,-5.68,2282.0
1977-12-30,TDG,SELL,withdrawal,1.8434,119.1799,219.7,31.86,2282.0
1977-12-30,CLF,SELL,withdrawal,2.5499,3.6673,9.35,-67.28,2097.0
1977-12-30,FRT,SELL,withdrawal,1.2472,25.8665,32.26,3.64,2006.0
1977-12-30,STRL,SELL,withdrawal,4.2182,8.3475,35.21,-49.23,1733.0
1977-12-30,AXTA,SELL,withdrawal,1.505,24.3383,36.63,20.03,1642.0
1977-12-30,ENSG,SELL,withdrawal,0.5781,9.9576,5.76,-80.34,1551.0
1977-12-30,BDX,SELL,withdrawal,15.6393,21.5679,337.31,-0.56,1369.0
1977-12-30,DELL,SELL,withdrawal,3.5354,24.8559,87.88,-46.66,1369.0
1977-12-30,MTZ,SELL,withdrawal,34.1957,6.572,224.73,-34.45,1278.0
1977-12-30,QCOM,SELL,withdrawal,5.7131,33.1351,189.3,-4.72,1278.0
1977-12-30,JBHT,SELL,withdrawal,0.4882,82.8107,40.43,56.17,1186.0
1977-12-30,STWD,SELL,withdrawal,5.7764,67.2866,388.68,-12.39,913.0
1977-12-30,VMRK,SELL,withdrawal,13.5308,38.6171,522.52,17.78,913.0
1977-12-30,ALV,SELL,withdrawal,2.397,119.1547,285.62,8.21,913.0
1977-12-30,AAPL,SELL,withdrawal,0.6169,40.736,25.13,-31.57,821.0
1977-12-30,DBX,SELL,withdrawal,7.4342,23.3561,173.63,8.68,638.0
1977-12-30,CLX,SELL,withdrawal,0.5018,83.9386,42.12,-6.28,547.0
1977-12-30,NI,SELL,withdrawal,0.222,223.1721,49.55,6.44,455.0
1977-12-30,DLTR,SELL,withdrawal,1.2252,28.1251,34.46,-20.85,273.0
1977-12-30,ST,SELL,withdrawal,3.2274,9.7109,31.34,-30.26,182.0
1977-12-30,ANET,SELL,withdrawal,2.1304,50.9581,108.56,-1.56,88.0
1978-04-03,TSLA,BUY,top10,61.6233,14.3344,883.33,,
1978-07-03,FIS,SELL,replaced,16.309,66.7344,1088.37,121.01,3015.0
1978-07-03,SWKS,BUY,top10,52.8394,39.7417,2099.93,,
1978-10-02,AZO,BUY,top10,63.4134,17.3364,1099.36,,
1978-12-29,CDNS,SELL,withdrawal,12.7427,27.9913,356.69,62.57,4014.0
1978-12-29,COO,SELL,withdrawal,4.8989,23.5755,115.49,-47.36,4014.0
1978-12-29,HAE,SELL,withdrawal,18.0236,4.7469,85.56,-61.01,4014.0
1978-12-29,SLM,SELL,withdrawal,7.7784,17.8832,139.1,-36.6,4014.0
1978-12-29,SWK,SELL,withdrawal,0.7628,14.3076,10.91,-43.13,3833.0
1978-12-29,KR,SELL,withdrawal,0.4572,13.7647,6.29,-66.37,3741.0
1978-12-29,TKR,SELL,withdrawal,0.5722,24.3649,13.94,-35.77,3468.0
1978-12-29,MTD,SELL,withdrawal,0.737,56.7177,41.8,-26.97,3376.0
1978-12-29,FNB,SELL,withdrawal,9.4434,29.427,277.89,9.05,3283.0
1978-12-29,TXT,SELL,withdrawal,6.0733,26.0727,158.35,-32.36,3283.0
1978-12-29,TFC,SELL,withdrawal,0.3507,59.8074,20.97,23.55,3103.0
1978-12-29,HRL,SELL,withdrawal,1.5173,89.9186,136.43,105.77,2738.0
1978-12-29,MRSH,SELL,withdrawal,20.4705,17.0085,348.17,12.53,2646.0
1978-12-29,TDG,SELL,withdrawal,1.7774,111.7321,198.59,23.62,2646.0
1978-12-29,CLF,SELL,withdrawal,2.4586,8.8483,21.75,-21.05,2461.0
1978-12-29,FRT,SELL,withdrawal,1.2025,28.3884,34.14,13.74,2370.0
1978-12-29,STRL,SELL,withdrawal,4.0672,12.3401,50.19,-24.94,2097.0
1978-12-29,AXTA,SELL,withdrawal,1.4511,26.5591,38.54,30.99,2006.0
1978-12-29,ENSG,SELL,withdrawal,0.5574,8.172,4.55,-83.86,1915.0
1978-12-29,BDX,SELL,withdrawal,15.0793,20.841,314.27,-3.91,1733.0
1978-12-29,DELL,SELL,withdrawal,3.4088,20.3932,69.52,-56.24,1733.0
1978-12-29,MTZ,SELL,withdrawal,32.9714,8.8606,292.15,-11.62,1642.0
1978-12-29,QCOM,SELL,withdrawal,5.5085,43.1525,237.71,24.08,1642.0
1978-12-29,JBHT,SELL,withdrawal,0.4707,93.7674,44.14,76.83,1550.0
1978-12-29,STWD,SELL,withdrawal,5.5696,65.0762,362.45,-15.27,1277.0
1978-12-29,VMRK,SELL,withdrawal,13.0463,41.9574,547.39,27.97,1277.0
1978-12-29,ALV,SELL,withdrawal,2.3112,124.3611,287.43,12.94,1277.0
1978-12-29,AAPL,SELL,withdrawal,0.5948,41.4828,24.67,-30.32,1185.0
1978-12-29,DBX,SELL,withdrawal,7.168,25.4844,182.67,18.58,1002.0
1978-12-29,CLX,SELL,withdrawal,0.4838,83.8295,40.56,-6.41,911.0
1978-12-29,NI,SELL,withdrawal,0.2141,197.6086,42.3,-5.75,819.0
1978-12-29,DLTR,SELL,withdrawal,1.1814,27.6347,32.65,-22.23,637.0
1978-12-29,ST,SELL,withdrawal,3.1119,11.4328,35.58,-17.89,546.0
1978-12-29,ANET,SELL,withdrawal,2.0542,46.2275,94.96,-10.69,452.0
1978-12-29,TSLA,SELL,withdrawal,2.5705,13.5583,34.85,-5.41,270.0
1978-12-29,SWKS,SELL,withdrawal,2.2041,40.7754,89.87,2.6,179.0
1978-12-29,AZO,SELL,withdrawal,2.6452,13.6221,36.03,-21.42,88.0
1979-01-02,HRL,SELL,replaced,34.8575,89.4722,3118.77,104.74,2742.0
1979-01-02,IBOC,BUY,top10,273.6991,11.3949,3118.77,,
1979-04-02,DLB,BUY,top10,18.0811,53.5533,968.3,,
1979-07-02,JBHT,SELL,replaced,10.8138,112.4047,1215.52,111.98,1735.0
1979-07-02,TSLA,SELL,replaced,59.0528,28.8144,1701.57,101.02,455.0
1979-07-02,WDAY,BUY,top10,17.9845,220.0825,3958.08,,
1979-10-01,FSLR,BUY,top10,54.8782,22.2298,1219.93,,
1979-12-31,CDNS,SELL,withdrawal,26.9583,23.6934,638.73,37.6,4381.0
1979-12-31,COO,SELL,withdrawal,10.3641,34.2205,354.66,-23.59,4381.0
1979-12-31,HAE,SELL,withdrawal,38.1305,5.3354,203.44,-56.17,4381.0
1979-12-31,SLM,SELL,withdrawal,16.4559,24.811,408.29,-12.04,4381.0
1979-12-31,SWK,SELL,withdrawal,1.6137,18.3273,29.57,-27.15,4200.0
1979-12-31,KR,SELL,withdrawal,0.9673,16.1801,15.65,-60.47,4108.0
1979-12-31,TKR,SELL,withdrawal,1.2105,25.6135,31.01,-32.48,3835.0
1979-12-31,MTD,SELL,withdrawal,1.5593,60.5732,94.45,-22.01,3743.0
1979-12-31,FNB,SELL,withdrawal,19.9784,40.1945,803.02,48.95,3650.0
1979-12-31,TXT,SELL,withdrawal,12.8485,21.3699,274.57,-44.56,3650.0
1979-12-31,TFC,SELL,withdrawal,0.7418,85.5422,63.46,76.71,3470.0
1979-12-31,MRSH,SELL,withdrawal,43.3071,18.204,788.36,20.44,3013.0
1979-12-31,TDG,SELL,withdrawal,3.7603,161.1749,606.06,78.32,3013.0
1979-12-31,CLF,SELL,withdrawal,5.2013,8.2053,42.68,-26.78,2828.0
1979-12-31,FRT,SELL,withdrawal,2.544,35.0205,89.09,40.31,2737.0
1979-12-31,STRL,SELL,withdrawal,8.6044,8.3409,71.77,-49.27,2464.0
1979-12-31,AXTA,SELL,withdrawal,3.0699,41.0865,126.13,102.63,2373.0
1979-12-31,ENSG,SELL,withdrawal,1.1792,8.8366,10.42,-82.55,2282.0
1979-12-31,BDX,SELL,withdrawal,31.9016,21.2902,679.19,-1.84,2100.0
1979-12-31,DELL,SELL,withdrawal,7.2116,24.5743,177.22,-47.27,2100.0
1979-12-31,MTZ,SELL,withdrawal,69.7539,13.0807,912.43,30.47,2009.0
1979-12-31,QCOM,SELL,withdrawal,11.6538,30.2553,352.59,-13.0,2009.0
1979-12-31,STWD,SELL,withdrawal,11.783,82.9258,977.11,7.97,1644.0
1979-12-31,VMRK,SELL,withdrawal,27.6006,48.9324,1350.56,49.24,1644.0
1979-12-31,ALV,SELL,withdrawal,4.8896,124.8371,610.4,13.37,1644.0
1979-12-31,AAPL,SELL,withdrawal,1.2583,55.8256,70.24,-6.22,1552.0
1979-12-31,DBX,SELL,withdrawal,15.1646,20.9226,317.28,-2.64,1369.0
1979-12-31,CLX,SELL,withdrawal,1.0236,80.0262,81.91,-10.65,1278.0
1979-12-31,NI,SELL,withdrawal,0.4529,207.6234,94.03,-0.97,1186.0
1979-12-31,DLTR,SELL,withdrawal,2.4993,30.9052,77.24,-13.03,1004.0
1979-12-31,ST,SELL,withdrawal,6.5835,10.439,68.72,-25.03,913.0
1979-12-31,ANET,SELL,withdrawal,4.3458,68.411,297.3,32.16,819.0
1979-12-31,SWKS,SELL,withdrawal,4.663,64.3798,300.2,62.0,546.0
1979-12-31,AZO,SELL,withdrawal,5.5961,17.5923,98.45,1.48,455.0
1979-12-31,IBOC,SELL,withdrawal,25.2047,17.067,430.17,49.78,363.0
1979-12-31,DLB,SELL,withdrawal,1.6651,64.054,106.65,19.61,273.0
1979-12-31,WDAY,SELL,withdrawal,1.6562,248.9678,412.34,13.12,182.0
1979-12-31,FSLR,SELL,withdrawal,5.0537,19.0626,96.34,-14.25,91.0
1980-04-01,PVH,BUY,top10,5.5534,195.063,1083.27,,
1980-07-01,FNB,SELL,replaced,196.9681,55.1786,10868.42,104.47,3833.0
1980-07-01,CXT,BUY,top10,70.2989,169.6055,11923.08,,
1980-10-01,FRT,SELL,replaced,25.0818,54.7951,1374.36,119.54,3012.0
1980-10-01,PG,BUY,top10,60.6283,42.5859,2581.91,,
1980-12-31,CDNS,SELL,withdrawal,24.324,19.0709,463.88,10.76,4747.0
1980-12-31,COO,SELL,withdrawal,9.3513,43.5982,407.7,-2.66,4747.0
1980-12-31,HAE,SELL,withdrawal,34.4044,10.3795,357.1,-14.74,4747.0
1980-12-31,SLM,SELL,withdrawal,14.8478,32.9874,489.79,16.94,4747.0
1980-12-31,SWK,SELL,withdrawal,1.456,23.4953,34.21,-6.61,4566.0
1980-12-31,KR,SELL,withdrawal,0.8728,28.5181,24.89,-30.33,4474.0
1980-12-31,TKR,SELL,withdrawal,1.0922,44.2774,48.36,16.72,4201.0
1980-12-31,MTD,SELL,withdrawal,1.4069,76.2248,107.24,-1.86,4109.0
1980-12-31,TXT,SELL,withdrawal,11.593,32.0567,371.63,-16.84,4016.0
1980-12-31,TFC,SELL,withdrawal,0.6694,90.2153,60.39,86.37,3836.0
1980-12-31,MRSH,SELL,withdrawal,39.0751,21.6205,844.82,43.04,3379.0
1980-12-31,TDG,SELL,withdrawal,3.3928,170.1929,577.43,88.3,3379.0
1980-12-31,CLF,SELL,withdrawal,4.6931,29.4296,138.11,162.6,3194.0
1980-12-31,STRL,SELL,withdrawal,7.7636,15.6837,121.76,-4.61,2830.0
1980-12-31,AXTA,SELL,withdrawal,2.7699,45.4861,125.99,124.33,2739.0
1980-12-31,ENSG,SELL,withdrawal,1.0639,9.6356,10.25,-80.97,2648.0
1980-12-31,BDX,SELL,withdrawal,28.7842,25.3235,728.92,16.75,2466.0
1980-12-31,DELL,SELL,withdrawal,6.5069,23.7445,154.5,-49.05,2466.0
1980-12-31,MTZ,SELL,withdrawal,62.9376,21.5829,1358.38,115.28,2375.0
1980-12-31,QCOM,SELL,withdrawal,10.515,33.5869,353.16,-3.42,2375.0
1980-12-31,STWD,SELL,withdrawal,10.6315,85.6121,910.19,11.47,2010.0
1980-12-31,VMRK,SELL,withdrawal,24.9035,52.947,1318.57,61.49,2010.0
1980-12-31,ALV,SELL,withdrawal,4.4118,153.4969,677.19,39.4,2010.0
1980-12-31,AAPL,SELL,withdrawal,1.1353,97.2247,110.38,63.32,1918.0
1980-12-31,DBX,SELL,withdrawal,13.6827,24.103,329.79,12.15,1735.0
1980-12-31,CLX,SELL,withdrawal,0.9235,85.5174,78.98,-4.52,1644.0
1980-12-31,NI,SELL,withdrawal,0.4086,271.7677,111.05,29.62,1552.0
1980-12-31,DLTR,SELL,withdrawal,2.2551,56.5069,127.43,59.01,1370.0
1980-12-31,ST,SELL,withdrawal,5.9401,13.8046,82.0,-0.86,1279.0
1980-12-31,ANET,SELL,withdrawal,3.9211,82.5808,323.81,59.54,1185.0
1980-12-31,SWKS,SELL,withdrawal,4.2073,94.5338,397.73,137.87,912.0
1980-12-31,AZO,SELL,withdrawal,5.0492,21.1014,106.55,21.72,821.0
1980-12-31,IBOC,SELL,withdrawal,22.7417,23.7527,540.18,108.45,729.0
1980-12-31,DLB,SELL,withdrawal,1.5024,62.7665,94.3,17.2,639.0
1980-12-31,WDAY,SELL,withdrawal,1.4943,164.8408,246.33,-25.1,548.0
1980-12-31,FSLR,SELL,withdrawal,4.5598,10.9087,49.74,-50.93,457.0
1980-12-31,PVH,SELL,withdrawal,0.5082,256.2786,130.25,31.38,274.0
1980-12-31,CXT,SELL,withdrawal,6.4336,277.6274,1786.15,63.69,183.0
1980-12-31,PG,SELL,withdrawal,5.5486,42.7533,237.22,0.39,91.0
1981-01-02,CLF,SELL,replaced,46.5872,30.7794,1433.92,174.64,3196.0
1981-01-02,SWKS,SELL,replaced,41.7651,94.3817,3941.86,137.49,914.0
1981-01-02,AXTA,SELL,replaced,27.4968,45.5345,1252.05,124.57,2741.0
1981-01-02,MTZ,SELL,replaced,624.7697,21.0608,13158.15,110.07,2377.0
1981-01-02,FCFS,BUY,top10,526.9902,27.331,14403.17,,
1981-01-02,IBOC,SELL,replaced,225.7527,23.8345,5380.7,109.17,731.0
1981-01-02,VRSK,BUY,top10,428.7707,25.1032,10763.52,,
1981-04-01,TFC,SELL,replaced,6.6446,107.434,713.85,121.94,3927.0
1981-04-01,XPO,BUY,top10,158.5929,12.1473,1926.48,,
1981-07-01,TTWO,BUY,top10,16.5495,75.855,1255.36,,
1981-10-01,CXT,SELL,replaced,63.8653,392.3786,25059.38,131.35,457.0
1981-10-01,ORA,BUY,top10,189.929,72.6427,13796.95,,
1981-10-01,PVH,SELL,replaced,5.0452,406.6327,2051.54,108.46,548.0
1981-10-01,L,BUY,top10,462.9012,29.8054,13796.95,,
1981-10-01,XOM,BUY,top10,12.4485,60.1034,748.2,,
1981-12-31,CDNS,SELL,withdrawal,9.9877,16.3911,163.71,-4.81,5112.0
1981-12-31,COO,SELL,withdrawal,3.8397,37.3546,143.43,-16.6,5112.0
1981-12-31,HAE,SELL,withdrawal,14.1268,10.7663,152.09,-11.56,5112.0
1981-12-31,SLM,SELL,withdrawal,6.0967,25.5238,155.61,-9.51,5112.0
1981-12-31,SWK,SELL,withdrawal,0.5978,23.5909,14.1,-6.23,4931.0
1981-12-31,KR,SELL,withdrawal,0.3584,38.3749,13.75,-6.25,4839.0
1981-12-31,TKR,SELL,withdrawal,0.4485,51.4273,23.06,35.57,4566.0
1981-12-31,MTD,SELL,withdrawal,0.5777,59.3683,34.3,-23.56,4474.0
1981-12-31,TXT,SELL,withdrawal,4.7602,27.838,132.51,-27.78,4381.0
1981-12-31,MRSH,SELL,withdrawal,16.0447,21.5716,346.11,42.71,3744.0
1981-12-31,TDG,SELL,withdrawal,1.3931,133.992,186.67,48.24,3744.0
1981-12-31,STRL,SELL,withdrawal,3.1878,20.2406,64.52,23.11,3195.0
1981-12-31,ENSG,SELL,withdrawal,0.4369,10.8046,4.72,-78.66,3013.0
1981-12-31,BDX,SELL,withdrawal,11.8191,23.6073,279.02,8.84,2831.0
1981-12-31,DELL,SELL,withdrawal,2.6718,13.5287,36.15,-70.97,2831.0
1981-12-31,QCOM,SELL,withdrawal,4.3176,37.7406,162.95,8.52,2740.0
1981-12-31,STWD,SELL,withdrawal,4.3654,56.104,244.92,-26.95,2375.0
1981-12-31,VMRK,SELL,withdrawal,10.2256,45.2529,462.74,38.02,2375.0
1981-12-31,ALV,SELL,withdrawal,1.8115,159.3782,288.72,44.74,2375.0
1981-12-31,AAPL,SELL,withdrawal,0.4662,129.5327,60.39,117.59,2283.0
1981-12-31,DBX,SELL,withdrawal,5.6183,23.4705,131.86,9.21,2100.0
1981-12-31,CLX,SELL,withdrawal,0.3792,91.7794,34.8,2.47,2009.0
1981-12-31,NI,SELL,withdrawal,0.1678,266.7803,44.76,27.24,1917.0
1981-12-31,DLTR,SELL,withdrawal,0.9259,48.3579,44.78,36.08,1735.0
1981-12-31,ST,SELL,withdrawal,2.4391,10.7245,26.16,-22.98,1644.0
1981-12-31,ANET,SELL,withdrawal,1.61,45.2104,72.79,-12.66,1550.0
1981-12-31,AZO,SELL,withdrawal,2.0733,38.4571,79.73,121.83,1186.0
1981-12-31,DLB,SELL,withdrawal,0.6169,58.0291,35.8,8.36,1004.0
1981-12-31,WDAY,SELL,withdrawal,0.6136,103.97,63.8,-52.76,913.0
1981-12-31,FSLR,SELL,withdrawal,1.8723,7.0508,13.2,-68.28,822.0
1981-12-31,PG,SELL,withdrawal,2.2783,43.3415,98.75,1.77,456.0
1981-12-31,FCFS,SELL,withdrawal,21.7983,22.3694,487.61,-18.15,363.0
1981-12-31,VRSK,SELL,withdrawal,17.7356,20.868,370.11,-16.87,363.0
1981-12-31,XPO,SELL,withdrawal,6.56,11.0326,72.37,-9.18,274.0
1981-12-31,TTWO,SELL,withdrawal,0.6845,83.1398,56.91,9.6,183.0
1981-12-31,ORA,SELL,withdrawal,7.8562,68.1578,535.46,-6.17,91.0
1981-12-31,L,SELL,withdrawal,19.1473,37.4797,717.64,25.75,91.0
1981-12-31,XOM,SELL,withdrawal,0.5149,67.3505,34.68,12.06,91.0
1982-01-04,AAPL,SELL,replaced,10.804,131.6863,1422.74,121.21,2287.0
1982-01-04,AZO,SELL,replaced,48.0496,38.0731,1829.4,119.61,1190.0
1982-01-04,STLD,BUY,top10,482.4697,6.7406,3252.14,,
1982-04-01,DRI,BUY,top10,206.8715,5.1606,1067.58,,
1982-07-01,DLTR,SELL,replaced,21.4596,72.6373,1558.77,104.4,1917.0
1982-07-01,CL,BUY,top10,19.2534,137.0925,2639.5,,
