ticker,name,sector,industry,index,sector_etf
MMM,3M,Industrials,Industrial Conglomerates,sp500,XLI
AOS,A. O. Smith,Industrials,Building Products,sp500,XLI
ABT,Abbott Laboratories,Health Care,Health Care Equipment,sp500,XLV
ABBV,AbbVie,Health Care,Biotechnology,sp500,XLV
ACN,Accenture,Information Technology,IT Consulting & Other Services,sp500,XLK
ADBE,Adobe Inc.,Information Technology,Application Software,sp500,XLK
AMD,Advanced Micro Devices,Information Technology,Semiconductors,sp500,XLK
AES,AES Corporation,Utilities,Independent Power Producers & Energy Traders,sp500,XLU
AFL,Aflac,Financials,Life & Health Insurance,sp500,XLF
A,Agilent Technologies,Health Care,Life Sciences Tools & Services,sp500,XLV
APD,Air Products,Materials,Industrial Gases,sp500,XLB
ABNB,Airbnb,Consumer Discretionary,"Hotels, Resorts & Cruise Lines",sp500,XLY
AKAM,Akamai Technologies,Information Technology,Internet Services & Infrastructure,sp500,XLK
ALB,Albemarle Corporation,Materials,Specialty Chemicals,sp500,XLB
ARE,Alexandria Real Estate Equities,Real Estate,Office REITs,sp500,XLRE
ALGN,Align Technology,Health Care,Health Care Supplies,sp500,XLV
ALLE,Allegion,Industrials,Building Products,sp500,XLI
LNT,Alliant Energy,Utilities,Electric Utilities,sp500,XLU
ALL,Allstate,Financials,Property & Casualty Insurance,sp500,XLF
GOOGL,Alphabet Inc. (Class A),Communication Services,Interactive Media & Services,sp500,XLC
GOOG,Alphabet Inc. (Class C),Communication Services,Interactive Media & Services,sp500,XLC
MO,Altria,Consumer Staples,Tobacco,sp500,XLP
AMZN,Amazon,Consumer Discretionary,Broadline Retail,sp500,XLY
AMCR,Amcor,Materials,Paper & Plastic Packaging Products & Materials,sp500,XLB
AEE,Ameren,Utilities,Multi-Utilities,sp500,XLU
AEP,American Electric Power,Utilities,Electric Utilities,sp500,XLU
AXP,American Express,Financials,Consumer Finance,sp500,XLF
AIG,American International Group,Financials,Multi-line Insurance,sp500,XLF
AMT,American Tower,Real Estate,Telecom Tower REITs,sp500,XLRE
AWK,American Water Works,Utilities,Water Utilities,sp500,XLU
AMP,Ameriprise Financial,Financials,Asset Management & Custody Banks,sp500,XLF
AME,Ametek,Industrials,Electrical Components & Equipment,sp500,XLI
AMGN,Amgen,Health Care,Biotechnology,sp500,XLV
APH,Amphenol,Information Technology,Electronic Components,sp500,XLK
ADI,Analog Devices,Information Technology,Semiconductors,sp500,XLK
AON,Aon plc,Financials,Insurance Brokers,sp500,XLF
APA,APA Corporation,Energy,Oil & Gas Exploration & Production,sp500,XLE
APO,Apollo Global Management,Financials,Asset Management & Custody Banks,sp500,XLF
AAPL,Apple Inc.,Information Technology,"Technology Hardware, Storage & Peripherals",sp500,XLK
AMAT,Applied Materials,Information Technology,Semiconductor Materials & Equipment,sp500,XLK
APP,AppLovin,Communication Services,Advertising,sp500,XLC
APTV,Aptiv,Consumer Discretionary,Automotive Parts & Equipment,sp500,XLY
ACGL,Arch Capital Group,Financials,Property & Casualty Insurance,sp500,XLF
ADM,Archer Daniels Midland,Consumer Staples,Agricultural Products & Services,sp500,XLP
ARES,Ares Management,Financials,Asset Management & Custody Banks,sp500,XLF
ANET,Arista Networks,Information Technology,Communications Equipment,sp500,XLK
AJG,Arthur J. Gallagher & Co.,Financials,Insurance Brokers,sp500,XLF
AIZ,Assurant,Financials,Multi-line Insurance,sp500,XLF
T,AT&T,Communication Services,Integrated Telecommunication Services,sp500,XLC
ATO,Atmos Energy,Utilities,Gas Utilities,sp500,XLU
ADSK,Autodesk,Information Technology,Application Software,sp500,XLK
ADP,Automatic Data Processing,Industrials,Human Resource & Employment Services,sp500,XLI
AZO,AutoZone,Consumer Discretionary,Automotive Retail,sp500,XLY
AVY,Avery Dennison,Materials,Paper & Plastic Packaging Products & Materials,sp500,XLB
AXON,Axon Enterprise,Industrials,Aerospace & Defense,sp500,XLI
BKR,Baker Hughes,Energy,Oil & Gas Equipment & Services,sp500,XLE
BALL,Ball Corporation,Materials,"Metal, Glass & Plastic Containers",sp500,XLB
BAC,Bank of America,Financials,Diversified Banks,sp500,XLF
BAX,Baxter International,Health Care,Health Care Equipment,sp500,XLV
BDX,Becton Dickinson,Health Care,Health Care Equipment,sp500,XLV
BRK-B,Berkshire Hathaway,Financials,Multi-Sector Holdings,sp500,XLF
BBY,Best Buy,Consumer Discretionary,Computer & Electronics Retail,sp500,XLY
TECH,Bio-Techne,Health Care,Life Sciences Tools & Services,sp500,XLV
BIIB,Biogen,Health Care,Biotechnology,sp500,XLV
BLK,BlackRock,Financials,Asset Management & Custody Banks,sp500,XLF
BX,Blackstone Inc.,Financials,Asset Management & Custody Banks,sp500,XLF
XYZ,"Block, Inc.",Financials,Transaction & Payment Processing Services,sp500,XLF
BNY,BNY Mellon,Financials,Asset Management & Custody Banks,sp500,XLF
BA,Boeing,Industrials,Aerospace & Defense,sp500,XLI
BKNG,Booking Holdings,Consumer Discretionary,"Hotels, Resorts & Cruise Lines",sp500,XLY
BSX,Boston Scientific,Health Care,Health Care Equipment,sp500,XLV
BMY,Bristol Myers Squibb,Health Care,Pharmaceuticals,sp500,XLV
AVGO,Broadcom,Information Technology,Semiconductors,sp500,XLK
BR,Broadridge Financial Solutions,Industrials,Data Processing & Outsourced Services,sp500,XLI
BRO,Brown & Brown,Financials,Insurance Brokers,sp500,XLF
BF-B,Brown–Forman,Consumer Staples,Distillers & Vintners,sp500,XLP
BLDR,Builders FirstSource,Industrials,Building Products,sp500,XLI
BG,Bunge Global,Consumer Staples,Agricultural Products & Services,sp500,XLP
BXP,"BXP, Inc.",Real Estate,Office REITs,sp500,XLRE
CHRW,C.H. Robinson,Industrials,Air Freight & Logistics,sp500,XLI
CDNS,Cadence Design Systems,Information Technology,Application Software,sp500,XLK
CPT,Camden Property Trust,Real Estate,Multi-Family Residential REITs,sp500,XLRE
COF,Capital One,Financials,Consumer Finance,sp500,XLF
CAH,Cardinal Health,Health Care,Health Care Distributors,sp500,XLV
CCL,Carnival Corporation,Consumer Discretionary,"Hotels, Resorts & Cruise Lines",sp500,XLY
CARR,Carrier Global,Industrials,Building Products,sp500,XLI
CVNA,Carvana,Consumer Discretionary,Automotive Retail,sp500,XLY
CASY,Casey's,Consumer Staples,Food Retail,sp500,XLP
CAT,Caterpillar Inc.,Industrials,Construction Machinery & Heavy Transportation Equipment,sp500,XLI
CBOE,Cboe Global Markets,Financials,Financial Exchanges & Data,sp500,XLF
CBRE,CBRE Group,Real Estate,Real Estate Services,sp500,XLRE
CDW,CDW Corporation,Information Technology,Technology Distributors,sp500,XLK
COR,Cencora,Health Care,Health Care Distributors,sp500,XLV
CNC,Centene Corporation,Health Care,Managed Health Care,sp500,XLV
CNP,CenterPoint Energy,Utilities,Multi-Utilities,sp500,XLU
CF,CF Industries,Materials,Fertilizers & Agricultural Chemicals,sp500,XLB
CRL,Charles River Laboratories,Health Care,Life Sciences Tools & Services,sp500,XLV
SCHW,Charles Schwab Corporation,Financials,Investment Banking & Brokerage,sp500,XLF
CHTR,Charter Communications,Communication Services,Cable & Satellite,sp500,XLC
CVX,Chevron Corporation,Energy,Integrated Oil & Gas,sp500,XLE
CMG,Chipotle Mexican Grill,Consumer Discretionary,Restaurants,sp500,XLY
CB,Chubb Limited,Financials,Property & Casualty Insurance,sp500,XLF
CHD,Church & Dwight,Consumer Staples,Household Products,sp500,XLP
CIEN,Ciena,Information Technology,Communications Equipment,sp500,XLK
CI,Cigna,Health Care,Health Care Services,sp500,XLV
CINF,Cincinnati Financial,Financials,Property & Casualty Insurance,sp500,XLF
CTAS,Cintas,Industrials,Diversified Support Services,sp500,XLI
CSCO,Cisco,Information Technology,Communications Equipment,sp500,XLK
C,Citigroup,Financials,Diversified Banks,sp500,XLF
CFG,Citizens Financial Group,Financials,Regional Banks,sp500,XLF
CLX,Clorox,Consumer Staples,Household Products,sp500,XLP
CME,CME Group,Financials,Financial Exchanges & Data,sp500,XLF
CMS,CMS Energy,Utilities,Multi-Utilities,sp500,XLU
KO,Coca-Cola Company (The),Consumer Staples,Soft Drinks & Non-alcoholic Beverages,sp500,XLP
CTSH,Cognizant,Information Technology,IT Consulting & Other Services,sp500,XLK
COHR,Coherent Corp.,Information Technology,Electronic Components,sp500,XLK
COIN,Coinbase,Financials,Financial Exchanges & Data,sp500,XLF
CL,Colgate-Palmolive,Consumer Staples,Household Products,sp500,XLP
CMCSA,Comcast,Communication Services,Cable & Satellite,sp500,XLC
FIX,Comfort Systems USA,Industrials,Construction & Engineering,sp500,XLI
COP,ConocoPhillips,Energy,Oil & Gas Exploration & Production,sp500,XLE
ED,Consolidated Edison,Utilities,Multi-Utilities,sp500,XLU
STZ,Constellation Brands,Consumer Staples,Distillers & Vintners,sp500,XLP
CEG,Constellation Energy,Utilities,Electric Utilities,sp500,XLU
COO,Cooper Companies (The),Health Care,Health Care Supplies,sp500,XLV
CPRT,Copart,Industrials,Diversified Support Services,sp500,XLI
GLW,Corning Inc.,Information Technology,Electronic Components,sp500,XLK
CPAY,Corpay,Financials,Transaction & Payment Processing Services,sp500,XLF
CTVA,Corteva,Materials,Fertilizers & Agricultural Chemicals,sp500,XLB
CSGP,CoStar Group,Real Estate,Real Estate Services,sp500,XLRE
COST,Costco,Consumer Staples,Consumer Staples Merchandise Retail,sp500,XLP
CRH,CRH plc,Materials,Construction Materials,sp500,XLB
CRWD,CrowdStrike,Information Technology,Systems Software,sp500,XLK
CCI,Crown Castle,Real Estate,Telecom Tower REITs,sp500,XLRE
CSX,CSX Corporation,Industrials,Rail Transportation,sp500,XLI
CMI,Cummins,Industrials,Construction Machinery & Heavy Transportation Equipment,sp500,XLI
CVS,CVS Health,Health Care,Health Care Services,sp500,XLV
DHR,Danaher Corporation,Health Care,Life Sciences Tools & Services,sp500,XLV
DRI,Darden Restaurants,Consumer Discretionary,Restaurants,sp500,XLY
DDOG,Datadog,Information Technology,Application Software,sp500,XLK
DVA,DaVita,Health Care,Health Care Services,sp500,XLV
DECK,Deckers Brands,Consumer Discretionary,Footwear,sp500,XLY
DE,Deere & Company,Industrials,Agricultural & Farm Machinery,sp500,XLI
DELL,Dell Technologies,Information Technology,"Technology Hardware, Storage & Peripherals",sp500,XLK
DAL,Delta Air Lines,Industrials,Passenger Airlines,sp500,XLI
DVN,Devon Energy,Energy,Oil & Gas Exploration & Production,sp500,XLE
DXCM,Dexcom,Health Care,Health Care Equipment,sp500,XLV
FANG,Diamondback Energy,Energy,Oil & Gas Exploration & Production,sp500,XLE
DLR,Digital Realty,Real Estate,Data Center REITs,sp500,XLRE
DG,Dollar General,Consumer Staples,Consumer Staples Merchandise Retail,sp500,XLP
DLTR,Dollar Tree,Consumer Staples,Consumer Staples Merchandise Retail,sp500,XLP
D,Dominion Energy,Utilities,Multi-Utilities,sp500,XLU
DPZ,Domino's,Consumer Discretionary,Restaurants,sp500,XLY
DASH,DoorDash,Consumer Discretionary,Specialized Consumer Services,sp500,XLY
DOV,Dover Corporation,Industrials,Industrial Machinery & Supplies & Components,sp500,XLI
DOW,Dow Inc.,Materials,Commodity Chemicals,sp500,XLB
DHI,D. R. Horton,Consumer Discretionary,Homebuilding,sp500,XLY
DTE,DTE Energy,Utilities,Multi-Utilities,sp500,XLU
DUK,Duke Energy,Utilities,Electric Utilities,sp500,XLU
DD,DuPont,Industrials,Industrial Conglomerates,sp500,XLI
ETN,Eaton Corporation,Industrials,Electrical Components & Equipment,sp500,XLI
EBAY,eBay Inc.,Consumer Discretionary,Broadline Retail,sp500,XLY
ECHO,EchoStar,Communication Services,Wireless Telecommunication Services,sp500,XLC
ECL,Ecolab,Materials,Specialty Chemicals,sp500,XLB
EIX,Edison International,Utilities,Electric Utilities,sp500,XLU
EW,Edwards Lifesciences,Health Care,Health Care Equipment,sp500,XLV
ELV,Elevance Health,Health Care,Managed Health Care,sp500,XLV
EME,Emcor,Industrials,Construction & Engineering,sp500,XLI
EMR,Emerson Electric,Industrials,Electrical Components & Equipment,sp500,XLI
ETR,Entergy,Utilities,Electric Utilities,sp500,XLU
EOG,EOG Resources,Energy,Oil & Gas Exploration & Production,sp500,XLE
EQT,EQT Corporation,Energy,Oil & Gas Exploration & Production,sp500,XLE
EFX,Equifax,Industrials,Research & Consulting Services,sp500,XLI
EQIX,Equinix,Real Estate,Data Center REITs,sp500,XLRE
ERIE,Erie Indemnity,Financials,Insurance Brokers,sp500,XLF
ESS,Essex Property Trust,Real Estate,Multi-Family Residential REITs,sp500,XLRE
EL,Estée Lauder Companies (The),Consumer Staples,Personal Care Products,sp500,XLP
EG,Everest Group,Financials,Reinsurance,sp500,XLF
EVRG,Evergy,Utilities,Electric Utilities,sp500,XLU
ES,Eversource Energy,Utilities,Electric Utilities,sp500,XLU
EXC,Exelon,Utilities,Electric Utilities,sp500,XLU
EXE,Expand Energy,Energy,Oil & Gas Exploration & Production,sp500,XLE
EXPE,Expedia Group,Consumer Discretionary,"Hotels, Resorts & Cruise Lines",sp500,XLY
EXPD,Expeditors International,Industrials,Air Freight & Logistics,sp500,XLI
EXR,Extra Space Storage,Real Estate,Self-Storage REITs,sp500,XLRE
XOM,ExxonMobil,Energy,Integrated Oil & Gas,sp500,XLE
FFIV,"F5, Inc.",Information Technology,Communications Equipment,sp500,XLK
FDS,FactSet,Financials,Financial Exchanges & Data,sp500,XLF
FICO,Fair Isaac,Information Technology,Application Software,sp500,XLK
FAST,Fastenal,Industrials,Trading Companies & Distributors,sp500,XLI
FRT,Federal Realty Investment Trust,Real Estate,Retail REITs,sp500,XLRE
FDX,FedEx,Industrials,Air Freight & Logistics,sp500,XLI
FDXF,FedEx Freight,Industrials,Cargo Ground Transportation,sp500,XLI
FERG,Ferguson Enterprises,Industrials,Trading Companies & Distributors,sp500,XLI
FIS,Fidelity National Information Services,Financials,Transaction & Payment Processing Services,sp500,XLF
FITB,Fifth Third Bancorp,Financials,Regional Banks,sp500,XLF
FSLR,First Solar,Information Technology,Semiconductors,sp500,XLK
FE,FirstEnergy,Utilities,Electric Utilities,sp500,XLU
FISV,Fiserv,Financials,Transaction & Payment Processing Services,sp500,XLF
FLEX,Flex Ltd.,Information Technology,Electronic Manufacturing Services,sp500,XLK
F,Ford Motor Company,Consumer Discretionary,Automobile Manufacturers,sp500,XLY
FTNT,Fortinet,Information Technology,Systems Software,sp500,XLK
FTV,Fortive,Industrials,Industrial Machinery & Supplies & Components,sp500,XLI
FOXA,Fox Corporation (Class A),Communication Services,Broadcasting,sp500,XLC
FOX,Fox Corporation (Class B),Communication Services,Broadcasting,sp500,XLC
BEN,Franklin Resources,Financials,Asset Management & Custody Banks,sp500,XLF
FCX,Freeport-McMoRan,Materials,Copper,sp500,XLB
GRMN,Garmin,Consumer Discretionary,Consumer Electronics,sp500,XLY
IT,Gartner,Information Technology,IT Consulting & Other Services,sp500,XLK
GE,GE Aerospace,Industrials,Aerospace & Defense,sp500,XLI
GEHC,GE HealthCare,Health Care,Health Care Equipment,sp500,XLV
GEV,GE Vernova,Industrials,Heavy Electrical Equipment,sp500,XLI
GEN,Gen Digital,Information Technology,Systems Software,sp500,XLK
GNRC,Generac,Industrials,Heavy Electrical Equipment,sp500,XLI
GD,General Dynamics,Industrials,Aerospace & Defense,sp500,XLI
GIS,General Mills,Consumer Staples,Packaged Foods & Meats,sp500,XLP
GM,General Motors,Consumer Discretionary,Automobile Manufacturers,sp500,XLY
GPC,Genuine Parts Company,Consumer Discretionary,Distributors,sp500,XLY
GILD,Gilead Sciences,Health Care,Biotechnology,sp500,XLV
GPN,Global Payments,Financials,Transaction & Payment Processing Services,sp500,XLF
GL,Globe Life,Financials,Life & Health Insurance,sp500,XLF
GDDY,GoDaddy,Information Technology,Internet Services & Infrastructure,sp500,XLK
GS,Goldman Sachs,Financials,Investment Banking & Brokerage,sp500,XLF
HAL,Halliburton,Energy,Oil & Gas Equipment & Services,sp500,XLE
HIG,Hartford (The),Financials,Property & Casualty Insurance,sp500,XLF
HAS,Hasbro,Consumer Discretionary,Leisure Products,sp500,XLY
HCA,HCA Healthcare,Health Care,Health Care Facilities,sp500,XLV
DOC,Healthpeak Properties,Real Estate,Health Care REITs,sp500,XLRE
HSIC,Henry Schein,Health Care,Health Care Distributors,sp500,XLV
HSY,Hershey Company (The),Consumer Staples,Packaged Foods & Meats,sp500,XLP
HPE,Hewlett Packard Enterprise,Information Technology,"Technology Hardware, Storage & Peripherals",sp500,XLK
HLT,Hilton Worldwide,Consumer Discretionary,"Hotels, Resorts & Cruise Lines",sp500,XLY
HD,Home Depot (The),Consumer Discretionary,Home Improvement Retail,sp500,XLY
HONA,Honeywell Aerospace,Industrials,Aerospace & Defense,sp500,XLI
HON,Honeywell Technologies,Industrials,Industrial Conglomerates,sp500,XLI
HRL,Hormel Foods,Consumer Staples,Packaged Foods & Meats,sp500,XLP
HST,Host Hotels & Resorts,Real Estate,Hotel & Resort REITs,sp500,XLRE
HWM,Howmet Aerospace,Industrials,Aerospace & Defense,sp500,XLI
HPQ,HP Inc.,Information Technology,"Technology Hardware, Storage & Peripherals",sp500,XLK
HUBB,Hubbell Incorporated,Industrials,Industrial Machinery & Supplies & Components,sp500,XLI
HUM,Humana,Health Care,Managed Health Care,sp500,XLV
HBAN,Huntington Bancshares,Financials,Regional Banks,sp500,XLF
HII,Huntington Ingalls Industries,Industrials,Aerospace & Defense,sp500,XLI
IBM,IBM,Information Technology,IT Consulting & Other Services,sp500,XLK
IEX,IDEX Corporation,Industrials,Industrial Machinery & Supplies & Components,sp500,XLI
IDXX,Idexx Laboratories,Health Care,Health Care Equipment,sp500,XLV
ITW,Illinois Tool Works,Industrials,Industrial Machinery & Supplies & Components,sp500,XLI
INCY,Incyte,Health Care,Biotechnology,sp500,XLV
IR,Ingersoll Rand,Industrials,Industrial Machinery & Supplies & Components,sp500,XLI
PODD,Insulet Corporation,Health Care,Health Care Equipment,sp500,XLV
INTC,Intel,Information Technology,Semiconductors,sp500,XLK
IBKR,Interactive Brokers,Financials,Investment Banking & Brokerage,sp500,XLF
ICE,Intercontinental Exchange,Financials,Financial Exchanges & Data,sp500,XLF
IFF,International Flavors & Fragrances,Materials,Specialty Chemicals,sp500,XLB
IP,International Paper,Materials,Paper & Plastic Packaging Products & Materials,sp500,XLB
INTU,Intuit,Information Technology,Application Software,sp500,XLK
ISRG,Intuitive Surgical,Health Care,Health Care Equipment,sp500,XLV
IVZ,Invesco,Financials,Asset Management & Custody Banks,sp500,XLF
INVH,Invitation Homes,Real Estate,Single-Family Residential REITs,sp500,XLRE
IQV,IQVIA,Health Care,Life Sciences Tools & Services,sp500,XLV
IRM,Iron Mountain,Real Estate,Other Specialized REITs,sp500,XLRE
JBHT,J.B. Hunt,Industrials,Cargo Ground Transportation,sp500,XLI
JBL,Jabil,Information Technology,Electronic Manufacturing Services,sp500,XLK
JKHY,Jack Henry & Associates,Financials,Transaction & Payment Processing Services,sp500,XLF
J,Jacobs Solutions,Industrials,Construction & Engineering,sp500,XLI
JNJ,Johnson & Johnson,Health Care,Pharmaceuticals,sp500,XLV
JCI,Johnson Controls,Industrials,Building Products,sp500,XLI
JPM,JPMorgan Chase,Financials,Diversified Banks,sp500,XLF
KVUE,Kenvue,Consumer Staples,Personal Care Products,sp500,XLP
KDP,Keurig Dr Pepper,Consumer Staples,Soft Drinks & Non-alcoholic Beverages,sp500,XLP
KEY,KeyCorp,Financials,Regional Banks,sp500,XLF
KEYS,Keysight Technologies,Information Technology,Electronic Equipment & Instruments,sp500,XLK
KMB,Kimberly-Clark,Consumer Staples,Household Products,sp500,XLP
KIM,Kimco Realty,Real Estate,Retail REITs,sp500,XLRE
KMI,Kinder Morgan,Energy,Oil & Gas Storage & Transportation,sp500,XLE
KKR,KKR & Co.,Financials,Asset Management & Custody Banks,sp500,XLF
KLAC,KLA Corporation,Information Technology,Semiconductor Materials & Equipment,sp500,XLK
KHC,Kraft Heinz,Consumer Staples,Packaged Foods & Meats,sp500,XLP
KR,Kroger,Consumer Staples,Food Retail,sp500,XLP
LHX,L3Harris,Industrials,Aerospace & Defense,sp500,XLI
LH,Labcorp,Health Care,Health Care Services,sp500,XLV
LRCX,Lam Research,Information Technology,Semiconductor Materials & Equipment,sp500,XLK
LVS,Las Vegas Sands,Consumer Discretionary,Casinos & Gaming,sp500,XLY
LDOS,Leidos,Industrials,Diversified Support Services,sp500,XLI
LEN,Lennar,Consumer Discretionary,Homebuilding,sp500,XLY
LII,Lennox International,Industrials,Building Products,sp500,XLI
LLY,Lilly (Eli),Health Care,Pharmaceuticals,sp500,XLV
LIN,Linde plc,Materials,Industrial Gases,sp500,XLB
LYV,Live Nation Entertainment,Communication Services,Movies & Entertainment,sp500,XLC
LMT,Lockheed Martin,Industrials,Aerospace & Defense,sp500,XLI
L,Loews Corporation,Financials,Multi-line Insurance,sp500,XLF
LOW,Lowe's,Consumer Discretionary,Home Improvement Retail,sp500,XLY
LULU,Lululemon Athletica,Consumer Discretionary,"Apparel, Accessories & Luxury Goods",sp500,XLY
LITE,Lumentum,Information Technology,Communications Equipment,sp500,XLK
LYB,LyondellBasell,Materials,Specialty Chemicals,sp500,XLB
MTB,M&T Bank,Financials,Regional Banks,sp500,XLF
MPC,Marathon Petroleum,Energy,Oil & Gas Refining & Marketing,sp500,XLE
MAR,Marriott International,Consumer Discretionary,"Hotels, Resorts & Cruise Lines",sp500,XLY
MRSH,Marsh McLennan,Financials,Insurance Brokers,sp500,XLF
MLM,Martin Marietta Materials,Materials,Construction Materials,sp500,XLB
MRVL,Marvell Technology,Information Technology,Semiconductors,sp500,XLK
MAS,Masco,Industrials,Building Products,sp500,XLI
MA,Mastercard,Financials,Transaction & Payment Processing Services,sp500,XLF
MKC,McCormick & Company,Consumer Staples,Packaged Foods & Meats,sp500,XLP
MCD,McDonald's,Consumer Discretionary,Restaurants,sp500,XLY
MCK,McKesson Corporation,Health Care,Health Care Distributors,sp500,XLV
MDT,Medtronic,Health Care,Health Care Equipment,sp500,XLV
MRK,Merck & Co.,Health Care,Pharmaceuticals,sp500,XLV
META,Meta Platforms,Communication Services,Interactive Media & Services,sp500,XLC
MET,MetLife,Financials,Life & Health Insurance,sp500,XLF
MTD,Mettler Toledo,Health Care,Life Sciences Tools & Services,sp500,XLV
MGM,MGM Resorts,Consumer Discretionary,Casinos & Gaming,sp500,XLY
MCHP,Microchip Technology,Information Technology,Semiconductors,sp500,XLK
MU,Micron Technology,Information Technology,Semiconductors,sp500,XLK
MSFT,Microsoft,Information Technology,Systems Software,sp500,XLK
MAA,Mid-America Apartment Communities,Real Estate,Multi-Family Residential REITs,sp500,XLRE
MRNA,Moderna,Health Care,Biotechnology,sp500,XLV
TAP,Molson Coors Beverage Company,Consumer Staples,Brewers,sp500,XLP
MDLZ,Mondelez International,Consumer Staples,Packaged Foods & Meats,sp500,XLP
MPWR,Monolithic Power Systems,Information Technology,Semiconductors,sp500,XLK
MNST,Monster Beverage,Consumer Staples,Soft Drinks & Non-alcoholic Beverages,sp500,XLP
MCO,Moody's Corporation,Financials,Financial Exchanges & Data,sp500,XLF
MS,Morgan Stanley,Financials,Investment Banking & Brokerage,sp500,XLF
MOS,Mosaic Company (The),Materials,Fertilizers & Agricultural Chemicals,sp500,XLB
MSI,Motorola Solutions,Information Technology,Communications Equipment,sp500,XLK
MSCI,MSCI,Financials,Financial Exchanges & Data,sp500,XLF
NDAQ,"Nasdaq, Inc.",Financials,Financial Exchanges & Data,sp500,XLF
NTAP,NetApp,Information Technology,"Technology Hardware, Storage & Peripherals",sp500,XLK
NFLX,Netflix,Communication Services,Movies & Entertainment,sp500,XLC
NEM,Newmont,Materials,Gold,sp500,XLB
NWSA,News Corp (Class A),Communication Services,Publishing,sp500,XLC
NWS,News Corp (Class B),Communication Services,Publishing,sp500,XLC
NEE,NextEra Energy,Utilities,Multi-Utilities,sp500,XLU
NKE,"Nike, Inc.",Consumer Discretionary,"Apparel, Accessories & Luxury Goods",sp500,XLY
NI,NiSource,Utilities,Multi-Utilities,sp500,XLU
NDSN,Nordson Corporation,Industrials,Industrial Machinery & Supplies & Components,sp500,XLI
NSC,Norfolk Southern,Industrials,Rail Transportation,sp500,XLI
NTRS,Northern Trust,Financials,Asset Management & Custody Banks,sp500,XLF
NOC,Northrop Grumman,Industrials,Aerospace & Defense,sp500,XLI
NCLH,Norwegian Cruise Line Holdings,Consumer Discretionary,"Hotels, Resorts & Cruise Lines",sp500,XLY
NRG,NRG Energy,Utilities,Independent Power Producers & Energy Traders,sp500,XLU
NUE,Nucor,Materials,Steel,sp500,XLB
NVDA,Nvidia,Information Technology,Semiconductors,sp500,XLK
NVR,"NVR, Inc.",Consumer Discretionary,Homebuilding,sp500,XLY
NXPI,NXP Semiconductors,Information Technology,Semiconductors,sp500,XLK
ORLY,O'Reilly Automotive,Consumer Discretionary,Automotive Retail,sp500,XLY
OXY,Occidental Petroleum,Energy,Oil & Gas Exploration & Production,sp500,XLE
ODFL,Old Dominion,Industrials,Cargo Ground Transportation,sp500,XLI
OMC,Omnicom Group,Communication Services,Advertising,sp500,XLC
ON,ON Semiconductor,Information Technology,Semiconductors,sp500,XLK
OKE,Oneok,Energy,Oil & Gas Storage & Transportation,sp500,XLE
ORCL,Oracle Corporation,Information Technology,Application Software,sp500,XLK
OTIS,Otis Worldwide,Industrials,Industrial Machinery & Supplies & Components,sp500,XLI
PCAR,Paccar,Industrials,Construction Machinery & Heavy Transportation Equipment,sp500,XLI
PKG,Packaging Corporation of America,Materials,Paper & Plastic Packaging Products & Materials,sp500,XLB
PLTR,Palantir Technologies,Information Technology,Application Software,sp500,XLK
PANW,Palo Alto Networks,Information Technology,Systems Software,sp500,XLK
PSKY,Paramount Skydance Corporation,Communication Services,Movies & Entertainment,sp500,XLC
PH,Parker Hannifin,Industrials,Industrial Machinery & Supplies & Components,sp500,XLI
PAYX,Paychex,Industrials,Human Resource & Employment Services,sp500,XLI
PYPL,PayPal,Financials,Transaction & Payment Processing Services,sp500,XLF
PNR,Pentair,Industrials,Industrial Machinery & Supplies & Components,sp500,XLI
PEP,PepsiCo,Consumer Staples,Soft Drinks & Non-alcoholic Beverages,sp500,XLP
PFE,Pfizer,Health Care,Pharmaceuticals,sp500,XLV
PCG,PG&E Corporation,Utilities,Multi-Utilities,sp500,XLU
PM,Philip Morris International,Consumer Staples,Tobacco,sp500,XLP
PSX,Phillips 66,Energy,Oil & Gas Refining & Marketing,sp500,XLE
PNW,Pinnacle West Capital,Utilities,Multi-Utilities,sp500,XLU
PNC,PNC Financial Services,Financials,Diversified Banks,sp500,XLF
PPG,PPG Industries,Materials,Specialty Chemicals,sp500,XLB
PPL,PPL Corporation,Utilities,Electric Utilities,sp500,XLU
PFG,Principal Financial Group,Financials,Life & Health Insurance,sp500,XLF
PG,Procter & Gamble,Consumer Staples,Personal Care Products,sp500,XLP
PGR,Progressive Corporation,Financials,Property & Casualty Insurance,sp500,XLF
PLD,Prologis,Real Estate,Industrial REITs,sp500,XLRE
PRU,Prudential Financial,Financials,Life & Health Insurance,sp500,XLF
PEG,Public Service Enterprise Group,Utilities,Electric Utilities,sp500,XLU
PTC,PTC Inc.,Information Technology,Application Software,sp500,XLK
PSA,Public Storage,Real Estate,Self-Storage REITs,sp500,XLRE
PHM,PulteGroup,Consumer Discretionary,Homebuilding,sp500,XLY
PWR,Quanta Services,Industrials,Construction & Engineering,sp500,XLI
QCOM,Qualcomm,Information Technology,Semiconductors,sp500,XLK
DGX,Quest Diagnostics,Health Care,Health Care Services,sp500,XLV
Q,Qnity Electronics,Information Technology,Semiconductor Materials & Equipment,sp500,XLK
RL,Ralph Lauren Corporation,Consumer Discretionary,"Apparel, Accessories & Luxury Goods",sp500,XLY
RJF,Raymond James Financial,Financials,Investment Banking & Brokerage,sp500,XLF
RDDT,Reddit,Communication Services,Interactive Media & Services,sp500,XLC
RTX,RTX Corporation,Industrials,Aerospace & Defense,sp500,XLI
O,Realty Income,Real Estate,Retail REITs,sp500,XLRE
REG,Regency Centers,Real Estate,Retail REITs,sp500,XLRE
REGN,Regeneron Pharmaceuticals,Health Care,Biotechnology,sp500,XLV
RF,Regions Financial Corporation,Financials,Regional Banks,sp500,XLF
RSG,Republic Services,Industrials,Environmental & Facilities Services,sp500,XLI
RMD,ResMed|,Health Care,Health Care Equipment,sp500,XLV
RVTY,Revvity,Health Care,Health Care Equipment,sp500,XLV
HOOD,Robinhood Markets,Financials,Investment Banking & Brokerage,sp500,XLF
ROK,Rockwell Automation,Industrials,Electrical Components & Equipment,sp500,XLI
ROL,"Rollins, Inc.",Industrials,Environmental & Facilities Services,sp500,XLI
ROP,Roper Technologies,Information Technology,Electronic Equipment & Instruments,sp500,XLK
ROST,Ross Stores,Consumer Discretionary,Apparel Retail,sp500,XLY
RCL,Royal Caribbean Group,Consumer Discretionary,"Hotels, Resorts & Cruise Lines",sp500,XLY
SPGI,S&P Global,Financials,Financial Exchanges & Data,sp500,XLF
CRM,Salesforce,Information Technology,Application Software,sp500,XLK
SNDK,Sandisk,Information Technology,"Technology Hardware, Storage & Peripherals",sp500,XLK
SBAC,SBA Communications,Real Estate,Telecom Tower REITs,sp500,XLRE
SLB,Schlumberger,Energy,Oil & Gas Equipment & Services,sp500,XLE
STX,Seagate Technology,Information Technology,"Technology Hardware, Storage & Peripherals",sp500,XLK
SRE,Sempra,Utilities,Multi-Utilities,sp500,XLU
NOW,ServiceNow,Information Technology,Systems Software,sp500,XLK
SHW,Sherwin-Williams,Materials,Specialty Chemicals,sp500,XLB
SPG,Simon Property Group,Real Estate,Retail REITs,sp500,XLRE
SWKS,Skyworks Solutions,Information Technology,Semiconductors,sp500,XLK
SJM,J.M. Smucker Company (The),Consumer Staples,Packaged Foods & Meats,sp500,XLP
SW,Smurfit Westrock,Materials,Paper & Plastic Packaging Products & Materials,sp500,XLB
SNA,Snap-on,Industrials,Industrial Machinery & Supplies & Components,sp500,XLI
SOLV,Solventum,Health Care,Health Care Technology,sp500,XLV
SO,Southern Company,Utilities,Electric Utilities,sp500,XLU
LUV,Southwest Airlines,Industrials,Passenger Airlines,sp500,XLI
SWK,Stanley Black & Decker,Industrials,Industrial Machinery & Supplies & Components,sp500,XLI
SBUX,Starbucks,Consumer Discretionary,Restaurants,sp500,XLY
STT,State Street Corporation,Financials,Asset Management & Custody Banks,sp500,XLF
STLD,Steel Dynamics,Materials,Steel,sp500,XLB
STE,Steris,Health Care,Health Care Equipment,sp500,XLV
SYK,Stryker Corporation,Health Care,Health Care Equipment,sp500,XLV
SMCI,Supermicro,Information Technology,"Technology Hardware, Storage & Peripherals",sp500,XLK
SYF,Synchrony Financial,Financials,Consumer Finance,sp500,XLF
SNPS,Synopsys,Information Technology,Application Software,sp500,XLK
SYY,Sysco,Consumer Staples,Food Distributors,sp500,XLP
TMUS,T-Mobile US,Communication Services,Wireless Telecommunication Services,sp500,XLC
TROW,T. Rowe Price,Financials,Asset Management & Custody Banks,sp500,XLF
TTWO,Take-Two Interactive,Communication Services,Interactive Home Entertainment,sp500,XLC
TPR,"Tapestry, Inc.",Consumer Discretionary,"Apparel, Accessories & Luxury Goods",sp500,XLY
TRGP,Targa Resources,Energy,Oil & Gas Storage & Transportation,sp500,XLE
TGT,Target Corporation,Consumer Staples,Consumer Staples Merchandise Retail,sp500,XLP
TEL,TE Connectivity,Information Technology,Electronic Manufacturing Services,sp500,XLK
TDY,Teledyne Technologies,Information Technology,Electronic Equipment & Instruments,sp500,XLK
TER,Teradyne,Information Technology,Semiconductor Materials & Equipment,sp500,XLK
TSLA,"Tesla, Inc.",Consumer Discretionary,Automobile Manufacturers,sp500,XLY
TXN,Texas Instruments,Information Technology,Semiconductors,sp500,XLK
TPL,Texas Pacific Land Corporation,Energy,Oil & Gas Exploration & Production,sp500,XLE
TXT,Textron,Industrials,Aerospace & Defense,sp500,XLI
TMO,Thermo Fisher Scientific,Health Care,Life Sciences Tools & Services,sp500,XLV
TJX,TJX Companies,Consumer Discretionary,Apparel Retail,sp500,XLY
TKO,TKO Group Holdings,Communication Services,Movies & Entertainment,sp500,XLC
TTD,Trade Desk (The),Communication Services,Advertising,sp500,XLC
TSCO,Tractor Supply,Consumer Discretionary,Other Specialty Retail,sp500,XLY
TT,Trane Technologies,Industrials,Building Products,sp500,XLI
TDG,TransDigm Group,Industrials,Aerospace & Defense,sp500,XLI
TRV,Travelers Companies (The),Financials,Property & Casualty Insurance,sp500,XLF
TRMB,Trimble Inc.,Information Technology,Application Software,sp500,XLK
TFC,Truist Financial,Financials,Diversified Banks,sp500,XLF
TYL,Tyler Technologies,Information Technology,Application Software,sp500,XLK
TSN,Tyson Foods,Consumer Staples,Packaged Foods & Meats,sp500,XLP
USB,U.S. Bancorp,Financials,Diversified Banks,sp500,XLF
UBER,Uber,Industrials,Passenger Ground Transportation,sp500,XLI
UDR,"UDR, Inc.",Real Estate,Multi-Family Residential REITs,sp500,XLRE
ULTA,Ulta Beauty,Consumer Discretionary,Other Specialty Retail,sp500,XLY
UNP,Union Pacific Corporation,Industrials,Rail Transportation,sp500,XLI
UAL,United Airlines Holdings,Industrials,Passenger Airlines,sp500,XLI
UPS,United Parcel Service,Industrials,Air Freight & Logistics,sp500,XLI
URI,United Rentals,Industrials,Trading Companies & Distributors,sp500,XLI
UNH,UnitedHealth Group,Health Care,Managed Health Care,sp500,XLV
UHS,Universal Health Services,Health Care,Health Care Facilities,sp500,XLV
VLO,Valero Energy,Energy,Oil & Gas Refining & Marketing,sp500,XLE
VEEV,Veeva Systems,Health Care,Health Care Technology,sp500,XLV
VTR,Ventas,Real Estate,Health Care REITs,sp500,XLRE
VLTO,Veralto,Industrials,Environmental & Facilities Services,sp500,XLI
VRSN,Verisign,Information Technology,Internet Services & Infrastructure,sp500,XLK
VRSK,Verisk Analytics,Industrials,Research & Consulting Services,sp500,XLI
VZ,Verizon,Communication Services,Integrated Telecommunication Services,sp500,XLC
VRTX,Vertex Pharmaceuticals,Health Care,Biotechnology,sp500,XLV
VRT,Vertiv,Industrials,Electrical Components & Equipment,sp500,XLI
VTRS,Viatris,Health Care,Pharmaceuticals,sp500,XLV
VICI,Vici Properties,Real Estate,Hotel & Resort REITs,sp500,XLRE
V,Visa Inc.,Financials,Transaction & Payment Processing Services,sp500,XLF
VST,Vistra Corp.,Utilities,Electric Utilities,sp500,XLU
VMRK,Vivmark Residential,Real Estate,Multi-Family Residential REITs,sp500,XLRE
VMC,Vulcan Materials Company,Materials,Construction Materials,sp500,XLB
WRB,W. R. Berkley Corporation,Financials,Property & Casualty Insurance,sp500,XLF
GWW,W. W. Grainger,Industrials,Industrial Machinery & Supplies & Components,sp500,XLI
WAB,Wabtec,Industrials,Construction Machinery & Heavy Transportation Equipment,sp500,XLI
WMT,Walmart,Consumer Staples,Consumer Staples Merchandise Retail,sp500,XLP
DIS,Walt Disney Company (The),Communication Services,Movies & Entertainment,sp500,XLC
WBD,Warner Bros. Discovery,Communication Services,Broadcasting,sp500,XLC
WM,Waste Management,Industrials,Environmental & Facilities Services,sp500,XLI
WAT,Waters Corporation,Health Care,Life Sciences Tools & Services,sp500,XLV
WEC,WEC Energy Group,Utilities,Electric Utilities,sp500,XLU
WFC,Wells Fargo,Financials,Diversified Banks,sp500,XLF
WELL,Welltower,Real Estate,Health Care REITs,sp500,XLRE
WST,West Pharmaceutical Services,Health Care,Health Care Supplies,sp500,XLV
WDC,Western Digital,Information Technology,"Technology Hardware, Storage & Peripherals",sp500,XLK
WY,Weyerhaeuser,Real Estate,Timber REITs,sp500,XLRE
WSM,"Williams-Sonoma, Inc.",Consumer Discretionary,Homefurnishing Retail,sp500,XLY
WMB,Williams Companies,Energy,Oil & Gas Storage & Transportation,sp500,XLE
WTW,Willis Towers Watson,Financials,Insurance Brokers,sp500,XLF
WDAY,"Workday, Inc.",Information Technology,Application Software,sp500,XLK
WYNN,Wynn Resorts,Consumer Discretionary,Casinos & Gaming,sp500,XLY
XEL,Xcel Energy,Utilities,Multi-Utilities,sp500,XLU
XYL,Xylem Inc.,Industrials,Industrial Machinery & Supplies & Components,sp500,XLI
YUM,Yum! Brands,Consumer Discretionary,Restaurants,sp500,XLY
ZBRA,Zebra Technologies,Information Technology,Electronic Equipment & Instruments,sp500,XLK
ZBH,Zimmer Biomet,Health Care,Health Care Equipment,sp500,XLV
ZTS,Zoetis,Health Care,Pharmaceuticals,sp500,XLV
AA,Alcoa,Materials,Aluminum,sp400,XLB
AAL,American Airlines Group,Industrials,Passenger Airlines,sp400,XLI
AAON,AAON,Industrials,Building Products,sp400,XLI
ACI,Albertsons,Consumer Staples,Food Retail,sp400,XLP
ACM,AECOM,Industrials,Construction & Engineering,sp400,XLI
ADC,Agree Realty,Real Estate,Retail REITs,sp400,XLRE
AEIS,Advanced Energy,Information Technology,Semiconductor Materials & Equipment,sp400,XLK
AFG,American Financial Group,Financials,Multi-line Insurance,sp400,XLF
AGCO,AGCO,Industrials,Agricultural & Farm Machinery,sp400,XLI
AHR,American Healthcare REIT,Real Estate,Health Care REITs,sp400,XLRE
AIT,Applied Industrial Technologies,Industrials,Trading Companies & Distributors,sp400,XLI
ALGM,Allegro MicroSystems,Information Technology,Semiconductors,sp400,XLK
ALK,Alaska Air Group,Industrials,Passenger Airlines,sp400,XLI
ALLY,Ally Financial,Financials,Consumer Finance,sp400,XLF
ALSN,Allison Transmission,Industrials,Construction Machinery & Heavy Transportation Equipment,sp400,XLI
ALV,Autoliv,Consumer Discretionary,Automotive Parts & Equipment,sp400,XLY
AM,Antero Midstream,Energy,Oil & Gas Storage & Transportation,sp400,XLE
AMG,Affiliated Managers Group,Financials,Asset Management & Custody Banks,sp400,XLF
AMH,American Homes 4 Rent,Real Estate,Single-Family Residential REITs,sp400,XLRE
AMKR,Amkor Technology,Information Technology,Semiconductors,sp400,XLK
AN,AutoNation,Consumer Discretionary,Automotive Retail,sp400,XLY
ANF,Abercrombie & Fitch,Consumer Discretionary,Apparel Retail,sp400,XLY
APG,APi Group,Industrials,Construction & Engineering,sp400,XLI
APPF,AppFolio,Information Technology,Application Software,sp400,XLK
AR,Antero Resources,Energy,Oil & Gas Exploration & Production,sp400,XLE
ARMK,Aramark,Consumer Discretionary,Distributors,sp400,XLY
ARW,Arrow Electronics,Information Technology,Technology Distributors,sp400,XLK
ARWR,Arrowhead Pharmaceuticals,Health Care,Biotechnology,sp400,XLV
ASB,Associated Bank,Financials,Regional Banks,sp400,XLF
ASH,Ashland Global,Materials,Diversified Chemicals,sp400,XLB
ATI,ATI Inc.,Industrials,Aerospace & Defense,sp400,XLI
ATR,AptarGroup,Materials,"Metal, Glass & Plastic Containers",sp400,XLB
AVAV,AeroVironment,Industrials,Aerospace & Defense,sp400,XLI
AVNT,Avient,Materials,Specialty Chemicals,sp400,XLB
AVT,Avnet,Information Technology,Technology Distributors,sp400,XLK
AVTR,Avantor,Health Care,Life Sciences Tools & Services,sp400,XLV
AXTA,Axalta,Materials,Specialty Chemicals,sp400,XLB
AYI,Acuity Brands,Industrials,Electrical Components & Equipment,sp400,XLI
BAH,Booz Allen Hamilton,Industrials,Research & Consulting Services,sp400,XLI
BBWI,"Bath & Body Works, Inc.",Consumer Discretionary,Other Specialty Retail,sp400,XLY
BC,Brunswick,Consumer Discretionary,Leisure Products,sp400,XLY
BCO,Brink's,Industrials,Security & Alarm Services,sp400,XLI
BDC,Belden Inc.,Information Technology,Electronic Components,sp400,XLK
BHF,Brighthouse Financial,Financials,Life & Health Insurance,sp400,XLF
BILL,Bill Holdings,Information Technology,Application Software,sp400,XLK
BIO,Bio-Rad Laboratories,Health Care,Life Sciences Tools & Services,sp400,XLV
BJ,BJ's Wholesale Club,Consumer Staples,Consumer Staples Merchandise Retail,sp400,XLP
BKH,Black Hills Corporation,Utilities,Multi-Utilities,sp400,XLU
BMRN,BioMarin Pharmaceutical,Health Care,Biotechnology,sp400,XLV
BRKR,Bruker,Health Care,Health Care Equipment,sp400,XLV
BROS,Dutch Bros Inc.,Consumer Discretionary,Restaurants,sp400,XLY
BRX,Brixmor Property Group,Real Estate,Retail REITs,sp400,XLRE
BSY,Bentley Systems,Information Technology,Application Software,sp400,XLK
BTSG,BrightSpring Health Services,Health Care,Health Care Services,sp400,XLV
BURL,Burlington Stores,Consumer Discretionary,Apparel Retail,sp400,XLY
BWA,BorgWarner,Consumer Discretionary,Automotive Parts & Equipment,sp400,XLY
BWXT,BWX Technologies,Industrials,Aerospace & Defense,sp400,XLI
BYD,Boyd Gaming,Consumer Discretionary,Casinos & Gaming,sp400,XLY
CACI,CACI International,Industrials,Diversified Support Services,sp400,XLI
CAR,Avis Budget Group,Industrials,Passenger Ground Transportation,sp400,XLI
CART,Maplebear Inc.,Consumer Staples,Food Retail,sp400,XLP
CAVA,Cava Group,Consumer Discretionary,Restaurants,sp400,XLY
CBSH,Commerce Bancshares,Financials,Regional Banks,sp400,XLF
CBT,Cabot Corp,Materials,Diversified Chemicals,sp400,XLB
CCK,Crown Holdings,Materials,Paper & Plastic Packaging Products & Materials,sp400,XLB
CDE,Coeur Mining,Materials,Gold,sp400,XLB
CDP,COPT Defense Properties,Real Estate,Office REITs,sp400,XLRE
CELH,Celsius Holdings,Consumer Staples,Soft Drinks & Non-alcoholic Beverages,sp400,XLP
CFR,Frost Bank,Financials,Regional Banks,sp400,XLF
CG,Carlyle Group (The),Financials,Asset Management & Custody Banks,sp400,XLF
CGNX,Cognex,Information Technology,Electronic Equipment & Instruments,sp400,XLK
CHDN,Churchill Downs Inc.,Consumer Discretionary,Casinos & Gaming,sp400,XLY
CHE,Chemed Corp.,Health Care,Health Care Services,sp400,XLV
CHH,Choice Hotels,Consumer Discretionary,"Hotels, Resorts & Cruise Lines",sp400,XLY
CHRD,Chord Energy,Energy,Oil & Gas Exploration & Production,sp400,XLE
CHWY,Chewy,Consumer Discretionary,Other Specialty Retail,sp400,XLY
CLF,Cleveland-Cliffs,Materials,Steel,sp400,XLB
CLH,Clean Harbors,Industrials,Environmental & Facilities Services,sp400,XLI
CMC,Commercial Metals,Materials,Steel,sp400,XLB
CNH,CNH Industrial,Industrials,Agricultural & Farm Machinery,sp400,XLI
CNM,Core & Main,Industrials,Trading Companies & Distributors,sp400,XLI
CNO,CNO Financial Group,Financials,Life & Health Insurance,sp400,XLF
CNX,CNX Resources,Energy,Oil & Gas Exploration & Production,sp400,XLE
COKE,Coca-Cola Consolidated,Consumer Staples,Soft Drinks & Non-alcoholic Beverages,sp400,XLP
COLB,Columbia Banking System,Financials,Regional Banks,sp400,XLF
COLM,Columbia Sportswear,Consumer Discretionary,"Apparel, Accessories & Luxury Goods",sp400,XLY
CPRI,Capri Holdings,Consumer Discretionary,"Apparel, Accessories & Luxury Goods",sp400,XLY
CR,Crane,Industrials,Industrial Machinery & Supplies & Components,sp400,XLI
CRBG,Corebridge Financial,Financials,Asset Management & Custody Banks,sp400,XLF
CROX,Crocs,Consumer Discretionary,Footwear,sp400,XLY
CRS,Carpenter Technology,Industrials,Industrial Machinery & Supplies & Components,sp400,XLI
CRUS,Cirrus Logic,Information Technology,Semiconductors,sp400,XLK
CSL,Carlisle Companies,Industrials,Industrial Conglomerates,sp400,XLI
CTRE,CareTrust REIT,Real Estate,Health Care REITs,sp400,XLRE
CUBE,CubeSmart,Real Estate,Industrial REITs,sp400,XLRE
CUZ,Cousins Properties,Real Estate,Office REITs,sp400,XLRE
CVLT,CommVault Systems,Information Technology,Systems Software,sp400,XLK
CW,Curtiss-Wright,Industrials,Aerospace & Defense,sp400,XLI
CXT,Crane NXT,Information Technology,Electronic Equipment & Instruments,sp400,XLK
CYTK,Cytokinetics,Health Care,Biotechnology,sp400,XLV
DAR,Darling Ingredients,Consumer Staples,Agricultural Products & Services,sp400,XLP
DBX,Dropbox,Information Technology,Application Software,sp400,XLK
DCI,Donaldson Company,Industrials,Industrial Machinery & Supplies & Components,sp400,XLI
DINO,HF Sinclair,Energy,Oil & Gas Refining & Marketing,sp400,XLE
DKS,Dick's Sporting Goods,Consumer Discretionary,Specialty Stores,sp400,XLY
DLB,Dolby,Information Technology,Application Software,sp400,XLK
DOCN,DigitalOcean,Information Technology,Internet Services & Infrastructure,sp400,XLK
DOCS,Doximity,Health Care,Health Care Technology,sp400,XLV
DOCU,Docusign,Information Technology,Application Software,sp400,XLK
DT,Dynatrace,Information Technology,Application Software,sp400,XLK
DTM,DT Midstream,Energy,Oil & Gas Storage & Transportation,sp400,XLE
DUOL,Duolingo,Consumer Discretionary,Education Services,sp400,XLY
DY,Dycom Industries,Industrials,Construction & Engineering,sp400,XLI
EEFT,Euronet Worldwide,Financials,Transaction & Payment Processing Services,sp400,XLF
EGP,EastGroup Properties,Real Estate,Industrial REITs,sp400,XLRE
EHC,Encompass Health,Health Care,Health Care Facilities,sp400,XLV
ELAN,Elanco,Health Care,Pharmaceuticals,sp400,XLV
ELF,e.l.f. Beauty,Consumer Staples,Personal Care Products,sp400,XLP
ELS,Equity Lifestyle Properties,Real Estate,Single-Family Residential REITs,sp400,XLRE
ENS,EnerSys,Industrials,Electrical Components & Equipment,sp400,XLI
ENSG,Ensign Group,Health Care,Health Care Facilities,sp400,XLV
ENTG,Entegris,Information Technology,Semiconductor Materials & Equipment,sp400,XLK
EPR,EPR Properties,Real Estate,Other Specialized REITs,sp400,XLRE
EQH,Equitable Holdings,Financials,Diversified Financial Services,sp400,XLF
ESAB,ESAB,Industrials,Industrial Machinery & Supplies & Components,sp400,XLI
ESNT,Essent Group Ltd.,Financials,Commercial & Residential Mortgage Finance,sp400,XLF
EVR,Evercore,Financials,Investment Banking & Brokerage,sp400,XLF
EWBC,East West Bancorp,Financials,Regional Banks,sp400,XLF
EXEL,Exelixis,Health Care,Biotechnology,sp400,XLV
EXLS,EXL Service,Industrials,Data Processing & Outsourced Services,sp400,XLI
EXP,Eagle Materials,Materials,Construction Materials,sp400,XLB
EXPO,"Exponent, Inc.",Industrials,Research & Consulting Services,sp400,XLI
FAF,First American Financial Corporation,Financials,Property & Casualty Insurance,sp400,XLF
FBIN,Fortune Brands Innovations,Industrials,Building Products,sp400,XLI
FCFS,FirstCash,Financials,Consumer Finance,sp400,XLF
FCN,FTI Consulting,Industrials,Research & Consulting Services,sp400,XLI
FFIN,First Financial Bankshares,Financials,Regional Banks,sp400,XLF
FHI,Federated Hermes,Financials,Asset Management & Custody Banks,sp400,XLF
FHN,First Horizon,Financials,Regional Banks,sp400,XLF
FIVE,Five Below,Consumer Discretionary,Specialty Stores,sp400,XLY
FLG,Flagstar Bank,Financials,Regional Banks,sp400,XLF
FLR,Fluor,Industrials,Construction & Engineering,sp400,XLI
FLS,Flowserve,Industrials,Industrial Machinery & Supplies & Components,sp400,XLI
FN,Fabrinet,Information Technology,Electronic Manufacturing Services,sp400,XLK
FNB,FNB Corporation,Financials,Regional Banks,sp400,XLF
FND,Floor & Decor,Consumer Discretionary,Home Improvement Retail,sp400,XLY
FNF,Fidelity National Financial,Financials,Property & Casualty Insurance,sp400,XLF
FOUR,Shift4,Financials,Transaction & Payment Processing Services,sp400,XLF
FR,First Industrial Realty Trust,Real Estate,Industrial REITs,sp400,XLRE
FTI,TechnipFMC,Energy,Oil & Gas Equipment & Services,sp400,XLE
G,Genpact,Industrials,Data Processing & Outsourced Services,sp400,XLI
GAP,Gap Inc.,Consumer Discretionary,Apparel Retail,sp400,XLY
GATX,GATX,Industrials,Construction Machinery & Heavy Transportation Equipment,sp400,XLI
GBCI,Glacier Bancorp,Financials,Regional Banks,sp400,XLF
GEF,"Greif, Inc.",Materials,"Metal, Glass & Plastic Containers",sp400,XLB
GGG,Graco Inc.,Industrials,Industrial Machinery & Supplies & Components,sp400,XLI
GHC,Graham Holdings,Consumer Discretionary,Education Services,sp400,XLY
GLPI,Gaming and Leisure Properties,Real Estate,Other Specialized REITs,sp400,XLRE
GME,GameStop,Consumer Discretionary,Computer & Electronics Retail,sp400,XLY
GMED,Globus Medical,Health Care,Health Care Equipment,sp400,XLV
GNTX,Gentex,Consumer Discretionary,Automotive Parts & Equipment,sp400,XLY
GPK,Graphic Packaging,Materials,Paper & Plastic Packaging Products & Materials,sp400,XLB
GWRE,Guidewire Software,Information Technology,Application Software,sp400,XLK
GXO,GXO Logistics,Industrials,Air Freight & Logistics,sp400,XLI
H,Hyatt,Consumer Discretionary,"Hotels, Resorts & Cruise Lines",sp400,XLY
HAE,Haemonetics,Health Care,Health Care Supplies,sp400,XLV
HALO,Halozyme,Health Care,Biotechnology,sp400,XLV
HGV,Hilton Grand Vacations,Consumer Discretionary,"Hotels, Resorts & Cruise Lines",sp400,XLY
HIMS,Hims & Hers Health,Health Care,Health Care Services,sp400,XLV
HL,Hecla Mining,Materials,Silver,sp400,XLB
HLI,Houlihan Lokey,Financials,Investment Banking & Brokerage,sp400,XLF
HLNE,Hamilton Lane,Financials,Asset Management & Custody Banks,sp400,XLF
HOG,Harley-Davidson,Consumer Discretionary,Motorcycle Manufacturers,sp400,XLY
HOMB,Home BancShares,Financials,Regional Banks,sp400,XLF
HQY,HealthEquity,Health Care,Managed Health Care,sp400,XLV
HR,Healthcare Realty Trust,Real Estate,Health Care REITs,sp400,XLRE
HRB,H&R Block,Consumer Discretionary,Specialized Consumer Services,sp400,XLY
HWC,Hancock Whitney,Financials,Regional Banks,sp400,XLF
HXL,Hexcel,Industrials,Aerospace & Defense,sp400,XLI
IBOC,Intl Bancshares Corp,Financials,Regional Banks,sp400,XLF
IDA,Idacorp,Utilities,Electric Utilities,sp400,XLU
IDCC,InterDigital,Information Technology,Communications Equipment,sp400,XLK
IESC,IES Holdings,Industrials,Construction & Engineering,sp400,XLI
ILMN,"Illumina, Inc.",Health Care,Life Sciences Tools & Services,sp400,XLV
INGR,Ingredion,Consumer Staples,Agricultural Products & Services,sp400,XLP
IPGP,IPG Photonics,Information Technology,Electronic Manufacturing Services,sp400,XLK
IRT,Independence Realty Trust,Real Estate,Multi-Family Residential REITs,sp400,XLRE
ITT,ITT Inc.,Industrials,Industrial Machinery & Supplies & Components,sp400,XLI
JAZZ,Jazz Pharmaceuticals,Health Care,Pharmaceuticals,sp400,XLV
JEF,Jefferies,Financials,Multi-Sector Holdings,sp400,XLF
JLL,Jones Lang LaSalle,Real Estate,Real Estate Services,sp400,XLRE
KBH,KB Home,Consumer Discretionary,Homebuilding,sp400,XLY
KBR,"KBR, Inc.",Industrials,Diversified Support Services,sp400,XLI
KD,Kyndryl,Information Technology,IT Consulting & Other Services,sp400,XLK
KEX,Kirby Corporation,Industrials,Marine Transportation,sp400,XLI
KNF,Knife River Corporation,Materials,Construction Materials,sp400,XLB
KNSL,Kinsale Capital Group,Financials,Property & Casualty Insurance,sp400,XLF
KNX,Knight-Swift,Industrials,Cargo Ground Transportation,sp400,XLI
KRC,Kilroy Realty Corp,Real Estate,Office REITs,sp400,XLRE
KRG,Kite Realty Group Trust,Real Estate,Retail REITs,sp400,XLRE
KRYS,Krystal Biotech,Health Care,Biotechnology,sp400,XLV
KTOS,Kratos Defense & Security Solutions,Industrials,Aerospace & Defense,sp400,XLI
LAD,Lithia Motors,Consumer Discretionary,Automotive Retail,sp400,XLY
LAMR,Lamar Advertising Company,Real Estate,Other Specialized REITs,sp400,XLRE
LEA,Lear,Consumer Discretionary,Automotive Parts & Equipment,sp400,XLY
LECO,Lincoln Electric,Industrials,Industrial Machinery & Supplies & Components,sp400,XLI
LFUS,Littelfuse,Information Technology,Electronic Components,sp400,XLK
LIVN,LivaNova,Health Care,Health Care Equipment,sp400,XLV
LNTH,Lantheus Holdings,Health Care,Health Care Supplies,sp400,XLV
LOPE,Grand Canyon Education,Consumer Discretionary,Education Services,sp400,XLY
LPX,Louisiana-Pacific,Industrials,Building Products,sp400,XLI
LSCC,Lattice Semiconductor,Information Technology,Semiconductors,sp400,XLK
LSTR,Landstar System,Industrials,Cargo Ground Transportation,sp400,XLI
M,Macy's,Consumer Discretionary,Broadline Retail,sp400,XLY
MANH,Manhattan Associates,Information Technology,Application Software,sp400,XLK
MAT,Mattel,Consumer Discretionary,Leisure Products,sp400,XLY
MEDP,Medpace,Health Care,Life Sciences Tools & Services,sp400,XLV
MIDD,Middleby,Industrials,Industrial Machinery & Supplies & Components,sp400,XLI
MKSI,MKS Instruments,Information Technology,Semiconductor Materials & Equipment,sp400,XLK
MLI,Mueller Industries,Industrials,Industrial Machinery & Supplies & Components,sp400,XLI
MMS,Maximus Inc.,Industrials,Data Processing & Outsourced Services,sp400,XLI
MOG-A,Moog Inc.,Industrials,Aerospace & Defense,sp400,XLI
MOH,Molina Healthcare,Health Care,Managed Health Care,sp400,XLV
MORN,"Morningstar, Inc.",Financials,Financial Exchanges & Data,sp400,XLF
MP,MP Materials,Materials,Diversified Metals & Mining,sp400,XLB
MSA,MSA Safety,Industrials,Office Services & Supplies,sp400,XLI
MSM,MSC Industrial Direct,Industrials,Trading Companies & Distributors,sp400,XLI
MTDR,Matador Resources,Energy,Oil & Gas Exploration & Production,sp400,XLE
MTG,MGIC Investment Corporation,Financials,Reinsurance,sp400,XLF
MTN,Vail Resorts,Consumer Discretionary,"Hotels, Resorts & Cruise Lines",sp400,XLY
MTSI,MACOM Technology Solutions,Information Technology,Semiconductors,sp400,XLK
MTZ,MasTec,Industrials,Construction & Engineering,sp400,XLI
MUR,Murphy Oil,Energy,Oil & Gas Exploration & Production,sp400,XLE
MUSA,Murphy USA,Consumer Discretionary,Automotive Retail,sp400,XLY
MZTI,The Marzetti Company,Consumer Staples,Packaged Foods & Meats,sp400,XLP
NBIX,Neurocrine Biosciences,Health Care,Biotechnology,sp400,XLV
NEU,NewMarket Corporation,Materials,Specialty Chemicals,sp400,XLB
NFG,National Fuel Gas,Utilities,Gas Utilities,sp400,XLU
NJR,New Jersey Resources,Utilities,Gas Utilities,sp400,XLU
NLY,Annaly Capital Management,Financials,Mortgage REITs,sp400,XLF
NNN,NNN Reit,Real Estate,Retail REITs,sp400,XLRE
NOV,NOV Inc.,Energy,Oil & Gas Equipment & Services,sp400,XLE
NOVT,Novanta,Information Technology,Electronic Equipment & Instruments,sp400,XLK
NTNX,Nutanix,Information Technology,Systems Software,sp400,XLK
NVST,Envista Holdings,Health Care,Health Care Supplies,sp400,XLV
NVT,nVent Electric plc,Industrials,Electrical Components & Equipment,sp400,XLI
NWE,NorthWestern Energy,Utilities,Multi-Utilities,sp400,XLU
NXST,Nexstar Media Group,Communication Services,Broadcasting,sp400,XLC
NXT,Nextpower,Industrials,Electrical Components & Equipment,sp400,XLI
NYT,New York Times Company,Communication Services,Publishing,sp400,XLC
OC,Owens Corning,Industrials,Building Products,sp400,XLI
OGE,OGE Energy,Utilities,Multi-Utilities,sp400,XLU
OGS,One Gas,Utilities,Gas Utilities,sp400,XLU
OHI,Omega Healthcare Investors,Real Estate,Health Care REITs,sp400,XLRE
OKTA,"Okta, Inc.",Information Technology,Application Software,sp400,XLK
OLED,Universal Display,Information Technology,Semiconductors,sp400,XLK
OLLI,Ollie's Bargain Outlet,Consumer Discretionary,Broadline Retail,sp400,XLY
OLN,Olin Corporation,Materials,Diversified Chemicals,sp400,XLB
ONB,Old National Bank,Financials,Regional Banks,sp400,XLF
ONTO,Onto Innovation,Information Technology,Semiconductor Materials & Equipment,sp400,XLK
OPCH,Option Care Health,Health Care,Health Care Facilities,sp400,XLV
ORA,Ormat Technologies,Utilities,Renewable Electricity,sp400,XLU
ORI,Old Republic International,Financials,Property & Casualty Insurance,sp400,XLF
OSK,Oshkosh,Industrials,Construction Machinery & Heavy Transportation Equipment,sp400,XLI
OVV,Ovintiv,Energy,Oil & Gas Exploration & Production,sp400,XLE
OZK,Bank OZK,Financials,Regional Banks,sp400,XLF
P,Everpure,Information Technology,"Technology Hardware, Storage & Peripherals",sp400,XLK
PAG,Penske Automotive Group,Consumer Discretionary,Automotive Retail,sp400,XLY
PATH,UiPath,Information Technology,Systems Software,sp400,XLK
PB,Prosperity Bancshares,Financials,Regional Banks,sp400,XLF
PBF,PBF Energy,Energy,Oil & Gas Refining & Marketing,sp400,XLE
PCTY,Paylocity,Industrials,Human Resource & Employment Services,sp400,XLI
PEGA,Pegasystems,Information Technology,Application Software,sp400,XLK
PEN,"Penumbra, Inc.",Health Care,Health Care Equipment,sp400,XLV
PFGC,Performance Food Group,Consumer Staples,Food Distributors,sp400,XLP
PII,Polaris,Consumer Discretionary,Leisure Products,sp400,XLY
PINS,Pinterest,Communication Services,Interactive Home Entertainment,sp400,XLC
PK,Park Hotels & Resorts,Real Estate,Hotel & Resort REITs,sp400,XLRE
PLNT,Planet Fitness,Consumer Discretionary,Leisure Facilities,sp400,XLY
PNFP,Pinnacle Financial Partners,Financials,Regional Banks,sp400,XLF
POR,Portland General Electric,Utilities,Electric Utilities,sp400,XLU
POST,Post Holdings,Consumer Staples,Packaged Foods & Meats,sp400,XLP
PPC,Pilgrim's Pride,Consumer Staples,Packaged Foods & Meats,sp400,XLP
PR,Permian Resources,Energy,Oil & Gas Exploration & Production,sp400,XLE
PRI,Primerica,Financials,Life & Health Insurance,sp400,XLF
PSN,Parsons Corporation,Industrials,Aerospace & Defense,sp400,XLI
PVH,PVH Corp.,Consumer Discretionary,"Apparel, Accessories & Luxury Goods",sp400,XLY
QLYS,Qualys,Information Technology,Systems Software,sp400,XLK
R,Ryder,Industrials,Cargo Ground Transportation,sp400,XLI
RBA,RB Global,Industrials,Diversified Support Services,sp400,XLI
RBC,RBC Bearings,Industrials,Industrial Machinery & Supplies & Components,sp400,XLI
REXR,Rexford Industrial Realty,Real Estate,Industrial REITs,sp400,XLRE
RGA,Reinsurance Group of America,Financials,Reinsurance,sp400,XLF
RGEN,Repligen,Health Care,Biotechnology,sp400,XLV
RGLD,Royal Gold,Materials,Gold,sp400,XLB
RH,RH,Consumer Discretionary,Homefurnishing Retail,sp400,XLY
RLI,RLI Corp.,Financials,Property & Casualty Insurance,sp400,XLF
RMBS,Rambus,Information Technology,Semiconductors,sp400,XLK
RNR,RenaissanceRe,Financials,Reinsurance,sp400,XLF
ROIV,Roivant Sciences,Health Care,Biotechnology,sp400,XLV
ROKU,"Roku, Inc.",Communication Services,Movies & Entertainment,sp400,XLC
RPM,RPM International,Materials,Specialty Chemicals,sp400,XLB
RRC,Range Resources,Energy,Oil & Gas Exploration & Production,sp400,XLE
RRX,Regal Rexnord,Industrials,Electrical Components & Equipment,sp400,XLI
RS,"Reliance, Inc.",Materials,Steel,sp400,XLB
RYAN,Ryan Specialty,Financials,Insurance Brokers,sp400,XLF
RYN,Rayonier,Real Estate,Timber REITs,sp400,XLRE
SAIA,Saia,Industrials,Cargo Ground Transportation,sp400,XLI
SAIC,Science Applications Intl Corp,Industrials,Diversified Support Services,sp400,XLI
SAM,Boston Beer Company,Consumer Staples,Brewers,sp400,XLP
SANM,Sanmina Corporation,Information Technology,Electronic Manufacturing Services,sp400,XLK
SARO,StandardAero,Industrials,Aerospace & Defense,sp400,XLI
SBRA,Sabra Health Care REIT,Real Estate,Health Care REITs,sp400,XLRE
SCI,Service Corp Intl,Consumer Discretionary,Specialized Consumer Services,sp400,XLY
SEIC,SEI Investments Company,Financials,Asset Management & Custody Banks,sp400,XLF
SF,Stifel,Financials,Investment Banking & Brokerage,sp400,XLF
SFM,Sprouts Farmers Market,Consumer Staples,Food Retail,sp400,XLP
SGI,Somnigroup International,Consumer Discretionary,Home Furnishings,sp400,XLY
SHC,Sotera Health,Health Care,Health Care Services,sp400,XLV
SIGI,Selective Insurance Group,Financials,Property & Casualty Insurance,sp400,XLF
SIRI,SiriusXM,Communication Services,Broadcasting,sp400,XLC
SITM,SiTime,Information Technology,Semiconductors,sp400,XLK
SLAB,Silicon Labs,Information Technology,Semiconductors,sp400,XLK
SLGN,Silgan Holdings,Materials,"Metal, Glass & Plastic Containers",sp400,XLB
SLM,SLM Corp,Financials,Consumer Finance,sp400,XLF
SMG,Scotts Miracle-Gro Company,Materials,Fertilizers & Agricultural Chemicals,sp400,XLB
SMTC,Semtech,Information Technology,Semiconductors,sp400,XLK
SN,SharkNinja,Consumer Discretionary,Household Appliances,sp400,XLY
SNX,TD Synnex,Information Technology,Technology Distributors,sp400,XLK
SOLS,Solstice Advanced Materials,Materials,Specialty Chemicals,sp400,XLB
SON,Sonoco,Materials,Paper & Plastic Packaging Products & Materials,sp400,XLB
SPXC,SPX Technologies,Industrials,Industrial Machinery & Supplies & Components,sp400,XLI
SR,Spire,Utilities,Gas Utilities,sp400,XLU
SSB,South State Bank,Financials,Regional Banks,sp400,XLF
SSD,Simpson Manufacturing,Industrials,Building Products,sp400,XLI
ST,Sensata Technologies,Industrials,Electrical Components & Equipment,sp400,XLI
STAG,STAG Industrial,Real Estate,Industrial REITs,sp400,XLRE
STRL,Sterling Infrastructure,Industrials,Construction & Engineering,sp400,XLI
STWD,Starwood Property Trust,Financials,Mortgage REITs,sp400,XLF
SUI,Sun Communities,Real Estate,Single-Family Residential REITs,sp400,XLRE
SWX,Southwest Gas Corp,Utilities,Gas Utilities,sp400,XLU
SYNA,Synaptics,Information Technology,Semiconductors,sp400,XLK
TCBI,Texas Capital Bancshares,Financials,Regional Banks,sp400,XLF
TEX,Terex,Industrials,Construction Machinery & Heavy Transportation Equipment,sp400,XLI
THC,Tenet Health,Health Care,Health Care Facilities,sp400,XLV
THG,Hanover Insurance,Financials,Property & Casualty Insurance,sp400,XLF
THO,Thor Industries,Consumer Discretionary,Leisure Products,sp400,XLY
TKR,Timken,Industrials,Industrial Machinery & Supplies & Components,sp400,XLI
TLN,Talen Energy,Utilities,Independent Power Producers & Energy Traders,sp400,XLU
TNL,Travel + Leisure Co.,Consumer Discretionary,"Hotels, Resorts & Cruise Lines",sp400,XLY
TOL,Toll Brothers,Consumer Discretionary,Homebuilding,sp400,XLY
TOST,"Toast, Inc.",Financials,Transaction & Payment Processing Services,sp400,XLF
TREX,Trex,Industrials,Building Products,sp400,XLI
TRU,TransUnion,Industrials,Research & Consulting Services,sp400,XLI
TTC,Toro,Industrials,Agricultural & Farm Machinery,sp400,XLI
TTEK,Tetra Tech,Industrials,Construction & Engineering,sp400,XLI
TTMI,TTM Technologies,Information Technology,Electronic Manufacturing Services,sp400,XLK
TWLO,Twilio,Information Technology,Systems Software,sp400,XLK
TXNM,TXNM Energy,Utilities,Electric Utilities,sp400,XLU
TXRH,Texas Roadhouse,Consumer Discretionary,Restaurants,sp400,XLY
UBSI,United Bankshares,Financials,Regional Banks,sp400,XLF
UFPI,UFP Industries,Industrials,Building Products,sp400,XLI
UGI,UGI Corp,Utilities,Gas Utilities,sp400,XLU
ULS,UL Solutions,Industrials,Research & Consulting Services,sp400,XLI
UMBF,UMB Financial Corp.,Financials,Regional Banks,sp400,XLF
UNM,Unum,Financials,Life & Health Insurance,sp400,XLF
USFD,US Foods,Consumer Staples,Food Distributors,sp400,XLP
UTHR,United Therapeutics,Health Care,Biotechnology,sp400,XLV
VAL,Valaris,Energy,Oil & Gas Drilling,sp400,XLE
VC,Visteon,Consumer Discretionary,Automotive Parts & Equipment,sp400,XLY
VFC,VF Corporation,Consumer Discretionary,"Apparel, Accessories & Luxury Goods",sp400,XLY
VIAV,Viavi Solutions,Information Technology,Communications Equipment,sp400,XLK
VICR,Vicor Corporation,Industrials,Electrical Components & Equipment,sp400,XLI
VLY,Valley Bank,Financials,Regional Banks,sp400,XLF
VMI,Valmont Industries,Industrials,Industrial Machinery & Supplies & Components,sp400,XLI
VNO,Vornado Realty Trust,Real Estate,Office REITs,sp400,XLRE
VNOM,Viper Energy,Energy,Oil & Gas Storage & Transportation,sp400,XLE
VNT,Vontier,Information Technology,Electronic Equipment & Instruments,sp400,XLK
VOYA,Voya Financial,Financials,Multi-Sector Holdings,sp400,XLF
VVV,Valvoline,Consumer Discretionary,Automotive Retail,sp400,XLY
WAL,Western Alliance Bancorporation,Financials,Regional Banks,sp400,XLF
WCC,WESCO International,Industrials,Trading Companies & Distributors,sp400,XLI
WEX,WEX Inc.,Financials,Transaction & Payment Processing Services,sp400,XLF
WFRD,Weatherford International,Energy,Oil & Gas Equipment & Services,sp400,XLE
WH,Wyndham Hotels & Resorts,Consumer Discretionary,"Hotels, Resorts & Cruise Lines",sp400,XLY
WHR,Whirlpool Corporation,Consumer Discretionary,Household Appliances,sp400,XLY
WING,Wingstop,Consumer Discretionary,Restaurants,sp400,XLY
WLK,Westlake Corporation,Materials,Specialty Chemicals,sp400,XLB
WMG,Warner Music Group,Communication Services,Movies & Entertainment,sp400,XLC
WMS,Advanced Drainage Systems,Industrials,Building Products,sp400,XLI
WPC,W. P. Carey,Real Estate,Diversified REITs,sp400,XLRE
WSO,Watsco,Industrials,Trading Companies & Distributors,sp400,XLI
WTFC,Wintrust Financial,Financials,Regional Banks,sp400,XLF
WTRG,Essential Utilities,Utilities,Water Utilities,sp400,XLU
WTS,Watts Water Technologies,Industrials,Building Products,sp400,XLI
WWD,"Woodward, Inc.",Industrials,Electrical Components & Equipment,sp400,XLI
XPO,"XPO, Inc.",Industrials,Cargo Ground Transportation,sp400,XLI
XRAY,Dentsply Sirona,Health Care,Health Care Supplies,sp400,XLV
YETI,Yeti Holdings,Consumer Discretionary,Leisure Products,sp400,XLY
ZION,Zions Bancorporation,Financials,Regional Banks,sp400,XLF
