ticker,name,sector,adv,last_px,last_date,tier,rsi35,rsi,peak_rsi,peak_month,last_ath_month,months_since_ath,rsi_chg,trigger_c,close,ath,dd_ath,first_c,tier_sep_prov,rsi_sep_prov,q_end,rev_yoy,eps_yoy,eps_ttm,prof_past,oneoff,acq,val_pct_op,mcap,ps,ev_ebitda,pe,quality,cheap,eps_fwd_growth,pe_fwd,rev_growth_yahoo,tier_rank
BSX,Boston Scientific,Health Care,944225366.1598569,43.91999816894531,2026-09-25,ABC,True,29.895346792544473,86.73547403205204,2025-02-28,2025-07-31,13,-0.6553273372150246,58.98012234179538,48.29999923706055,109.5,-0.5589041165565247,2026-01-31,ABC,27.968177450072517,2026-06-30,0.13528712014707467,0.47023809523809534,2.47,1.0,,,0.21192590251663326,65222086349.67263,3.106405331952402,13.891659721414669,17.781375776900934,True,True,0.381607287449393,12.870065,,0.0
TTD,Trade Desk (The),Communication Services,354842634.5868898,12.600000381469728,2026-09-25,ABC,True,30.937724279693413,71.72245208475076,2024-11-30,2024-11-30,21,-0.5686465900087202,48.77126741763051,13.720000267028809,141.52999877929688,-0.9030594193078183,2025-02-28,ABC,30.564173024068467,2026-06-30,0.11610294249386355,0.012048192771084265,0.8400000000000001,1.0,,,0.04867642941450323,6103320184.780302,2.041150002033452,5.96878067718442,15.000000454130628,True,True,0.201642857142857,12.482911,,0.0
ROL,"Rollins, Inc.",Industrials,216875424.07646784,30.030000686645508,2026-09-25,ABC,True,32.48445595230281,70.26398410178467,2026-01-31,2026-01-31,7,-0.5376798459756323,47.77950918921357,36.06999969482422,66.13999938964844,-0.4546416687679993,2026-05-31,ABC,28.191527843208704,2026-06-30,0.09902029704772763,0.08910891089108919,1.1,1.0,,,0.09320695102685624,14515847131.909454,3.699229573534036,17.532050259920606,27.300000624223188,True,True,0.1765181818181818,23.204062,,0.0
OLLI,Ollie's Bargain Outlet,Consumer Discretionary,137466300.99305046,84.25,2026-09-25,ABC,False,37.491613675868194,70.51153647923414,2025-07-31,2025-07-31,13,-0.46829106912299967,47.94784480587921,75.41999816894531,141.74000549316406,-0.4678990034850625,2026-03-31,BC,43.60679604856606,2026-08-01,0.14432479049177838,0.29565217391304355,4.470000000000001,1.0,,,0.10493827160493825,5156401565.995525,1.8461160706981345,13.023899068540228,18.84787472035794,True,True,0.10308035714285713,17.048443,,0.0
INTU,Intuit,Information Technology,1273247711.8555946,275.7900085449219,2026-09-25,ABC,False,37.50175345542551,71.98290786270384,2025-06-30,2025-07-31,13,-0.4790186369387265,48.94837734663861,359.29998779296875,813.7000122070312,-0.5584367919346285,2026-01-31,ABC,33.00451833129193,2026-07-31,0.13897297010249066,0.20409656181419167,16.46,1.0,,,0.1062091503267974,76504081349.70311,3.566956422496415,13.089784442382328,16.755164553154426,True,True,0.6409345454545454,10.185991,,0.0
GPK,Graphic Packaging,Materials,54972023.63572197,9.380000114440918,2026-09-25,A,True,30.447067765444373,71.07287790785229,2024-03-31,2024-03-31,29,-0.5716077825788941,48.32955697733955,11.199999809265137,30.700000762939453,-0.6351791683736505,2025-05-31,A,27.37297023058032,2026-06-30,0.00023161551823980275,-0.6271186440677967,0.6599999999999999,1.0,,,0.3112928588520835,2757151548.79021,0.31922560481535367,7.732033441947516,14.212121385516545,False,True,0.693575757575758,8.391784,,0.0
FISV,Fiserv,Financials,377279005.12953866,46.47999954223633,2026-09-25,ABC,True,31.441595333175755,82.28208312583551,2024-11-30,2025-03-31,17,-0.617880416504629,55.95181652556814,53.310001373291016,238.58999633789065,-0.776562294347859,2025-04-30,ABC,29.926719055364117,2026-06-30,-0.01165214096248579,-0.1270903010033444,5.220000000000001,1.0,,,0.05829596412556054,24940704735.211483,1.1952796288321423,,8.904214471692782,False,True,,5.773798,,0.0
PNR,Pentair,Industrials,213017681.4949278,53.65999984741211,2026-09-25,ABC,True,32.8524726555556,75.64339159130378,2024-11-30,2024-11-30,21,-0.5656927596126926,51.43750628208657,60.459999084472656,113.9499969482422,-0.4694164045310638,2026-03-31,ABC,30.096961089821775,2026-03-31,0.030986261040235608,0.11475409836065564,4.08,1.0,,,0.22272165137461775,8828911249.40386,2.100971194204093,11.588559481926673,13.151960746914732,False,True,0.2986331658291457,10.382002,,0.0
DKS,Dick's Sporting Goods,Consumer Discretionary,444104885.03782487,136.42999267578125,2026-09-25,ABC,True,34.94397646787442,71.25447810694509,2024-08-31,2024-08-31,24,-0.5095890476465581,48.453045112722656,135.10000610351562,254.6000061035156,-0.46936369652486776,2026-08-31,A,35.36900799171336,2026-08-01,0.5353584919333061,-0.3523945675482485,9.060000000000002,1.0,,growth 54% vs 3% a year earlier,0.32094152644123075,12627951086.971457,0.5972033055232372,6.627666569524981,15.058498087834572,False,True,0.04688977002379069,10.334603,,0.0
ACM,AECOM,Industrials,131806078.06178501,60.88999938964844,2026-09-25,ABC,True,34.972811320185784,72.40023355526495,2024-11-30,2025-10-31,10,-0.5169516781532184,49.23215881758016,67.43000030517578,135.52000427246094,-0.5024350783696201,2025-12-31,ABC,32.3634534351024,2026-06-30,-0.042379518272783856,-0.5218340611353711,2.19,1.0,,,0.29739956754296115,8008564120.636683,0.5202575379660678,,27.803652689337188,False,True,1.9336743119266058,9.52089,,0.0
WING,Wingstop,Consumer Discretionary,157884465.52587843,99.06999969482422,2026-09-25,ABC,False,36.34514112944423,72.92478651884305,2024-09-30,2024-09-30,23,-0.5016078501641825,49.58885483281327,109.4800033569336,433.8599853515625,-0.7476605193995467,2025-02-28,ABC,35.50279773699165,2026-06-27,0.0761143843450165,-0.29500000000000004,4.2299999999999995,1.0,,,0.0,2726415759.923047,3.782910898592998,16.74468484590892,23.42080371036034,False,True,0.27038479809976246,18.523573,,0.0
TSCO,Tractor Supply,Consumer Discretionary,332541368.00921,32.27000045776367,2026-09-25,A,False,36.874430084035545,71.26145267387287,2024-05-31,2024-05-31,27,-0.48254731414484486,48.45778781823355,34.900001525878906,63.9900016784668,-0.45460227206677717,2025-05-31,A,34.642269628632604,2026-06-27,0.03975764660387515,-0.054187192118226424,1.9200000000000002,1.0,,,0.15955766192733017,17007533980.84243,1.0797937911198514,10.230832620828469,16.807291905085243,False,True,0.0667447916666668,15.755682,,0.0
POST,Post Holdings,Consumer Staples,80918435.8243912,73.1500015258789,2026-09-25,AC,False,37.47937208969999,72.35870604906947,2024-08-31,2024-11-30,21,-0.48203368832654825,49.20392011336723,83.36000061035156,125.83999633789062,-0.3375714952619422,2025-12-31,ABC,32.452129163127864,2026-06-30,0.06202343079331407,-0.0646258503401358,5.5,1.0,,,0.06934629498838711,3898230081.3154745,0.46338544800183945,8.172685781569555,13.30000027743253,False,True,0.32332904411764685,10.161261,,0.0
LEN,Lennar,Consumer Discretionary,255494500.0612047,82.1500015258789,2026-09-25,A,False,38.04255849133243,74.33934686291987,2024-03-31,2024-03-31,29,-0.48825810157463345,50.55075586678551,84.11000061035156,187.60890197753903,-0.5516737227084171,2024-12-31,A,37.37739794076672,2026-05-31,-0.07448670454580475,-0.47141673570836784,6.380000000000001,1.0,,,0.3299879566439181,20799646444.332634,0.6353513497499906,8.003398200160548,12.876175787755313,False,True,-0.0036502835538752,15.586195,,0.0
CPRT,Copart,Industrials,341852459.48366743,27.59000015258789,2026-09-25,ABC,False,38.767380233976766,72.64115030915234,2024-11-30,2024-11-30,21,-0.4663165427724193,49.395982210223586,32.9900016784668,64.37999725341797,-0.4875737327448342,2025-06-30,ABC,33.7265141313884,2026-04-30,0.010457082115333582,0.012578616352201255,1.61,1.0,,,0.25326797385620914,26616655793.167492,5.737749280841096,12.126655006926716,17.136646057508006,False,True,0.14225806451612888,15.583169,,0.0
BAH,Booz Allen Hamilton,Industrials,138932390.5967652,72.94999694824219,2026-09-25,ABC,False,39.126416889304174,78.945970693161,2024-10-31,2024-10-31,22,-0.5043899448475127,53.68326007134947,75.6500015258789,190.58999633789065,-0.603074647256084,2024-12-31,ABC,38.039014209156036,2026-06-30,-0.0726467145962214,-0.21744471744471738,6.370000000000001,1.0,,,0.18105601752044623,8903988034.10792,0.802667270720988,10.057226520120949,11.452118830179305,False,True,0.05996383647798753,10.821241,,0.0
IT,Gartner,Information Technology,221556683.10057625,187.8999938964844,2026-09-25,ABC,False,39.43627969147493,70.61699728188206,2024-11-30,2024-11-30,21,-0.44154691916371036,48.019558151679796,198.1100006103516,584.010009765625,-0.6607763611965194,2025-06-30,ABC,38.37600336484812,2026-06-30,0.00679391570946386,-0.31442663378545,11.120000000000001,1.0,,,0.0876738719993835,13097575833.54703,2.0263511276096464,11.915318502405851,16.897481465511184,False,True,0.4671470852017936,11.486249,,0.0
BLDR,Builders FirstSource,Industrials,178860551.44035703,59.16999816894531,2026-09-25,A,False,36.95479949247254,82.50722823011384,2023-08-31,2024-03-31,29,-0.5521022789736061,56.10491519647741,66.4000015258789,214.6999969482422,-0.6907312414080473,2024-06-30,A,35.37492887055653,2026-06-30,-0.09380476858274656,-0.8608169440242057,0.9199999999999999,1.0,,,0.7011742131076583,6595525339.375372,0.4564787122674867,10.767872893978161,64.31521540102752,False,False,3.8587252747252734,13.382517,,0.0
GDDY,GoDaddy,Information Technology,206122366.42147246,97.13999938964844,2026-09-25,BC,False,40.38771401422696,85.83713139831723,2025-01-31,2025-01-31,19,-0.5294843460365367,58.36924935085571,97.87999725341795,216.0,-0.5468518645675094,2025-07-31,BC,40.11235289373787,2026-06-30,0.07407251530902137,0.201785714285714,6.73,1.0,,,0.07017455592358113,13139159204.21946,2.57423624227963,11.591922321773914,14.433878066812545,True,True,0.636127596439169,8.808887,,1.0
TYL,Tyler Technologies,Information Technology,280297150.81268793,325.57000732421875,2026-09-25,BC,False,41.270888792697114,77.5412200808303,2024-11-30,2024-11-30,21,-0.46775548863332783,52.7280296549646,372.2200012207031,661.3099975585938,-0.4371474760780045,2025-09-30,ABC,36.38174198488055,2026-06-30,0.08189112768562845,0.08869814020028643,7.610000000000001,1.0,,,0.18434861381738624,13887678514.790878,5.715900851350984,25.23026526844446,42.78186692828104,True,True,1.0360145888594166,21.20763,,1.0
DECK,Deckers Brands,Consumer Discretionary,242541062.00649926,78.66999816894531,2026-09-25,BC,False,41.89947874569693,76.54204612063293,2024-12-31,2024-12-31,20,-0.4525952614375909,52.048591362030386,87.08000183105469,223.97999572753903,-0.6112152714879799,2025-02-28,ABC,39.59510300020709,2026-06-30,0.07853687253929564,0.07987711213517668,7.029999999999999,1.0,,,0.20873226659158806,11356680077.065784,2.0546564648719805,7.350599427018652,11.190611403832905,True,True,0.18093900709219857,9.449146,,1.0
FICO,Fair Isaac,Information Technology,378679566.36711,863.0900268554688,2026-09-25,BC,False,42.85955457170872,90.5922007182053,2024-11-30,2024-11-30,21,-0.5268957566774761,61.6026964883796,1147.2099609375,2402.52001953125,-0.52249723140233,2025-05-31,ABC,36.5935188732712,2026-06-30,0.24088418068698303,0.35133020344287913,34.53999999999999,1.0,,,0.4485981308411215,20365751141.217827,8.50850762613155,20.61037599642147,24.988130482208135,True,True,0.5311819757365686,16.281792,,1.0
SFM,Sprouts Farmers Market,Consumer Staples,152845264.68565804,62.4900016784668,2026-09-25,BC,False,44.20850721967347,96.85812057087043,2024-11-30,2025-06-30,14,-0.5435745917935046,65.86352198819188,82.04000091552734,182.0,-0.5492307642003993,2025-08-31,ABC,37.2436629060345,2026-06-28,0.07204463959463747,0.07835051546391769,5.23,1.0,,,0.25738396624472576,6008359893.696713,0.6672912589300072,6.941404345849945,11.948375081924818,True,True,0.14120306513409964,10.490039,,1.0
NRG,NRG Energy,Utilities,335317670.38760716,100.37000274658205,2026-09-25,BC,False,45.35241926599343,83.18016329314126,2025-07-31,2026-02-28,6,-0.45476881181197404,56.56251103933605,110.12000274658205,189.9600067138672,-0.4202990163479331,2026-05-31,BC,42.94919951316311,2026-06-30,0.12358003442340793,0.6551724137931032,3.84,1.0,,,0.6127759847042196,22191180294.752125,0.6798768472656901,12.315795565611129,26.138021548589077,True,False,2.858337931034483,8.746843,,1.0
ORCL,Oracle Corporation,Information Technology,4652543952.899049,137.10000610351562,2026-09-25,BC,False,47.31370463710282,77.18558256818875,2024-11-30,2025-09-30,11,-0.3870137004497691,52.48619614636834,149.1199951171875,345.7200012207031,-0.5686683021211977,2026-01-31,BC,45.65813047472178,2026-08-31,0.2161713375580332,0.4768518518518523,6.380000000000001,1.0,,,0.6926605504587157,406572431893.18427,5.664462102836383,11.374339907439873,21.489029169830033,True,False,0.7236974921630097,12.111731,,1.0
DY,Dycom Industries,Industrials,203164312.54015726,271.5199890136719,2026-09-25,BC,False,49.461417041871,78.92698815279249,2026-02-28,2026-05-31,3,-0.3733269417791534,53.670351943898886,291.2099914550781,566.469970703125,-0.4859215730471701,2026-08-31,BC,47.82482516256403,2026-08-01,0.37791620928392344,0.23033707865168562,10.950000000000001,1.0,,,0.7984882005899705,8167817196.451822,1.1871741043236346,13.3688793921576,24.796346028645832,True,False,0.8910136487716107,12.850877,,1.0
AMKR,Amkor Technology,Information Technology,275089973.12401664,53.61000061035156,2026-09-25,BC,False,53.35242472511778,84.93535580120593,2026-06-30,2026-06-30,2,-0.37184669185361474,57.756041944820026,47.29999923706055,96.68000030517578,-0.5107571463823388,2026-07-31,BC,56.385670901608464,2026-03-31,0.12709308427041144,0.42622950819672134,1.74,1.0,,,0.9699922213935736,13436946118.497301,1.900260612446863,10.878694653117327,30.81034517836297,True,False,0.2584529147982064,18.942755,,1.0
KLAC,KLA Corporation,Information Technology,2289706872.4745493,187.9199981689453,2026-09-25,BC,False,58.10710467829063,93.31044557003172,2026-06-30,2026-06-30,2,-0.37727116912457714,63.45110298762156,175.4499969482422,307.3699951171875,-0.4291895769417885,2026-07-31,C,59.83503197739429,2026-06-30,0.1170858038910636,0.20513664800790266,3.66,1.0,,,0.9798812081385062,248032370894.6978,18.26523872457949,40.142612186301385,51.3442617947938,True,False,0.8285764930460868,28.406998,,1.0
TTMI,TTM Technologies,Information Technology,331103910.8675881,129.1699981689453,2026-09-25,BC,False,61.04213745657738,92.6908015759755,2026-06-30,2026-06-30,2,-0.3414434181309435,63.029745071663335,118.91999816894533,223.8300018310547,-0.4687039396143806,2026-07-31,-,63.140892878205115,2026-06-29,0.27591665684345434,1.49438202247191,2.2199999999999998,1.0,,,0.9411724708712339,13776678520.924337,4.079457414150642,31.628875309630946,58.18468385988528,True,False,2.1047297297297303,18.022488,,1.0
LII,Lennox International,Industrials,227649954.00434223,373.7699890136719,2026-09-25,BC,False,40.1132989384169,84.12397111008431,2024-11-30,2024-11-30,21,-0.5231644630051429,57.204300354857324,382.6400146484375,689.4400024414062,-0.44499882035644267,2025-08-31,ABC,39.516300689443014,2026-03-31,-0.02031005440858613,-0.037211291702309524,22.51,1.0,,,0.299560019578423,13174105254.706676,2.505630730477895,12.389389692747097,16.604619680749526,False,True,0.18163291139240512,14.300023,,1.0
PSN,Parsons Corporation,Industrials,65156480.76749529,43.06999969482422,2026-09-25,BC,False,40.551337523553634,84.57446994798332,2024-10-31,2024-10-31,22,-0.5205250763203798,57.51063956462865,48.63999938964844,114.68000030517578,-0.5758632781634794,2025-01-31,ABC,38.04976736635451,2026-03-31,-0.0691654626945929,,2.0900000000000003,1.0,,,0.09737827715355805,4695701564.81437,0.7452239495561732,11.188730944800179,20.607655356375222,False,True,1.3581241379310347,12.596219,,1.0
ERIE,Erie Indemnity,Financials,68663099.62892078,222.8600006103516,2026-09-25,BC,False,40.57145916440586,81.26815694425865,2024-09-30,2024-09-30,23,-0.5007705269822523,55.26234672209588,255.55999755859372,547.0,-0.5327970794175618,2025-04-30,ABC,35.65426295339154,2026-06-30,0.03674292910582988,,,1.0,,,0.15079365079365079,566510.1215515138,0.00013752018076881116,,,False,True,0.2690217391304348,15.907209,,1.0
PPC,Pilgrim's Pride,Consumer Staples,44786161.34704711,27.81999969482422,2026-09-25,BC,False,41.4680563184846,82.23491654642298,2024-11-30,2025-02-28,18,-0.49573662794349416,55.919743251567624,31.3799991607666,57.15999984741211,-0.4510147088079932,2025-08-31,ABC,37.62053170239042,2026-06-28,0.014227819057019975,-0.5587668593448942,2.2899999999999996,1.0,,,0.41317165510713894,6628278931.656884,0.3595283050264739,6.4774108396258345,12.148471482455992,False,True,0.20144782608695655,10.067563,,1.0
AVAV,AeroVironment,Industrials,294821442.8720141,152.0500030517578,2026-09-25,BC,False,43.716025119634594,73.53313361890804,2024-10-31,2025-10-31,10,-0.4054921507058742,50.00253086085746,148.35000610351562,417.8599853515625,-0.6449767594312655,2026-03-31,BC,44.2369289968172,2026-08-01,0.8443747582472232,-3.6193548387096777,-4.0600000000000005,0.0,,shares +78% y/y,0.441025641025641,7595684117.9683275,3.792799532006361,,,False,True,,33.324657,,1.0
BRO,Brown & Brown,Financials,159094645.77719674,60.81999969482422,2026-09-25,BC,False,44.282111855535305,78.18471846516371,2024-11-30,2025-03-31,17,-0.4336219055995474,53.16560855631132,72.16999816894531,125.68000030517578,-0.4257638606484536,2025-07-31,ABC,38.14046140701035,2026-06-30,0.34216248270409166,-0.0979827089337173,3.130000000000001,1.0,,shares +33% y/y,0.4218009478672986,23414728317.016987,3.448413596026066,15.015249785120092,19.4313098066531,False,True,0.5221324921135648,12.604763,,1.0
HLNE,Hamilton Lane,Financials,63375811.62429083,86.20999908447266,2026-09-25,BC,False,47.124414467754086,84.4161243282089,2024-11-30,2024-11-30,21,-0.44176050674235035,57.402964543182044,108.81999969482422,203.72000122070312,-0.4658354651346559,2025-06-30,BC,40.81645055393221,2026-06-30,0.24007281237810418,,,1.0,,,0.0,3162174102.0969415,3.6839461279884587,5.8534721906416065,,False,True,0.16953269537480065,11.756492,,1.0
HIMS,Hims & Hers Health,Health Care,398458395.24335104,29.420000076293945,2026-09-25,BC,False,49.90845429587385,74.16869905058488,2025-02-28,2025-02-28,18,-0.32709546028527403,50.43471535439771,29.57999992370605,72.9800033569336,-0.594683494613792,2025-12-31,BC,49.82483963939587,2026-06-30,0.28038904654394403,-1.810126582278481,-0.64,1.0,,,0.2911392405063291,6528941579.431295,2.532450715652111,,,False,True,,39.10425,,1.0
WSO,Watsco,Industrials,158765818.12429276,317.2300109863281,2026-09-25,BC,False,41.28756511000053,72.62457788321376,2024-11-30,2024-11-30,21,-0.4314932174009425,49.384712960585354,309.82000732421875,571.4199829101562,-0.45780683806969447,2025-08-31,BC,42.17375301575478,2026-06-30,-0.029822740540625503,-0.10983981693363831,11.670000000000002,1.0,,,0.6303317535545023,12115868102.757446,1.6634379340136047,16.150562530709095,27.183377119651077,False,False,0.23517154596877754,23.898672,,1.0
AAON,AAON,Industrials,104944989.25625029,89.0999984741211,2026-09-25,BC,False,45.90908010496337,77.6669611387318,2024-11-30,2024-11-30,21,-0.40889820546784683,52.813533574337626,75.97000122070312,150.4600067138672,-0.4950817637195989,2025-02-28,BC,49.33929403513121,2026-06-30,0.5353415049050883,0.29251700680272097,1.9,1.0,,growth 54% vs 5% a year earlier,0.5440211260383551,7469768714.182001,3.8656056091736204,25.565770571986942,46.89473603901111,False,False,0.8220468749999996,24.437372,,1.0
KBH,KB Home,Consumer Discretionary,64683328.14038595,48.0099983215332,2026-09-25,BC,False,46.34216491431556,72.61357517883657,2024-09-30,2024-09-30,23,-0.36179750411432554,49.377231121608865,53.29999923706055,89.69999694824219,-0.40579708973886375,2025-02-28,BC,42.908443009856086,2026-05-31,-0.1752463226353409,-0.4549071618037134,4.11,1.0,,,0.5167701863354037,3178729139.477435,0.5774994630518615,7.639677322846246,11.68126479842657,False,False,0.0495154929577466,12.885892,,1.0
ALGM,Allegro MicroSystems,Information Technology,112558445.54479085,36.7599983215332,2026-09-25,BC,False,50.72884058599907,75.25268234917321,2026-06-30,2026-06-30,2,-0.3258866129101321,51.171823997437784,36.25,71.7699966430664,-0.49491428597548837,2026-08-31,BC,51.008445818768415,2026-06-26,0.24221134299506764,,0.07,1.0,,,0.7740740740740741,7585688225.064958,8.01925739540492,88.77396959514797,525.14283316476,False,False,23.602999999999998,25.162922,,1.0
MTZ,MasTec,Industrials,416109871.9684419,212.8500061035156,2026-09-25,BC,False,51.98435443481394,87.83682013574528,2026-04-30,2026-05-31,3,-0.40817126172741713,59.72903769230679,239.77999877929688,441.4299926757813,-0.45681081313518956,2026-07-31,BC,48.66244986600116,2026-06-30,0.23460777599427107,0.8690476190476193,6.28,1.0,,growth 23% vs 7% a year earlier,0.8320529348312242,16754481451.775616,1.0400629663722192,16.943454415471777,33.893313073808216,False,False,0.9996251993620413,16.333204,,1.0
FN,Fabrinet,Information Technology,401786307.1078346,417.3900146484375,2026-09-25,BC,False,52.15816445342094,87.57290975840712,2026-04-30,2026-05-31,3,-0.40440297579111006,59.549578635716834,412.9299926757813,748.8900146484375,-0.44861063093539955,2026-07-31,BC,52.537603668962205,2026-06-26,0.3573130034068108,0.42311886586695757,13.05,1.0,net income 1.02x operating income,,0.9099907001461406,15129252602.230377,3.259844084756336,26.831026736972202,31.98390916846264,False,False,0.6695570881226054,18.725685,,1.0
VICR,Vicor Corporation,Industrials,200215248.24412513,281.9599914550781,2026-09-25,BC,False,55.02986239243836,85.24483948827961,2026-06-30,2026-06-30,2,-0.3544493400095561,57.96649085203013,187.67999267578125,382.6499938964844,-0.5095256875228045,2026-07-31,-,62.530279398105804,2026-03-31,0.15589157912415952,1.047945205479452,2.9899999999999998,1.0,net income 1.38x operating income,,0.8193283838916092,12889155047.515564,30.20645567050439,104.21895778217424,94.3010004866482,False,False,0.9049134615384613,47.873837,,1.0
STRL,Sterling Infrastructure,Industrials,389345510.5407715,512.2899780273438,2026-09-25,BC,False,55.681075127820776,87.7987407428558,2026-05-31,2026-06-30,2,-0.3658100941231147,59.70314370514194,470.0700073242188,1005.6799926757812,-0.5325849069806805,2026-08-31,BC,57.585249507825026,2026-06-30,0.6082789871426026,0.508695652173913,13.879999999999999,1.0,,growth 61% vs 3% a year earlier,0.8990151998382002,15925279518.67711,4.631480110338419,22.72412225602624,36.90849985787779,False,False,0.8310201874549386,19.694641,,1.0
MKSI,MKS Instruments,Information Technology,428692412.97651017,260.82000732421875,2026-09-25,BC,False,56.58096666676165,87.44170595969928,2026-06-30,2026-06-30,2,-0.35292929105432747,59.460360052595504,256.239990234375,447.6199951171875,-0.4275501697208789,2026-08-31,BC,57.00139163348656,2026-06-30,0.16198877305533288,0.5898734177215192,6.280000000000001,1.0,,growth 16% vs 4% a year earlier,0.9455410927166267,18232481403.71529,4.1942676337049205,21.19168917435638,41.531848300034824,False,False,1.8149505582137166,14.640442,,1.0
ECHO,EchoStar,Communication Services,385601627.95143735,90.11000061035156,2026-09-25,BC,False,57.65257670949404,88.20675110409091,2026-05-31,2026-05-31,3,-0.34639269684177054,59.980590750781815,86.44000244140625,147.25,-0.4129711209412139,2026-07-31,C,59.063286633839276,2026-06-30,-0.05168787027251465,,-24.879999999999995,1.0,,,0.7602040816326531,20545992828.876953,1.4020812054706813,,,False,False,,3.944567,,1.0
GLW,Corning Inc.,Information Technology,1888425881.6320026,156.74000549316406,2026-09-25,BC,False,58.164116149708036,90.82436368222623,2026-06-30,2026-06-30,2,-0.3595978678891598,61.76056730391383,148.72999572753906,271.7799987792969,-0.45275591877414956,2026-07-31,BC,59.33478911998497,2026-06-30,0.1941433197240603,1.3085106382978728,2.17,1.0,TTM net income jumped 1.67x in one quarter,,0.9461883408071748,137237792828.116,8.089942986802406,36.38988124761464,72.2304172779558,False,False,0.992799086757991,34.817135,,1.0
RBA,RB Global,Industrials,154299988.07012165,82.48999786376953,2026-09-25,C,False,43.654285646171765,74.19422466701192,2025-08-31,2025-08-31,12,-0.41162151310166273,50.452072773568105,84.58000183105469,119.58000183105467,-0.2926910809839991,2026-08-31,C,42.70589466382414,2026-06-30,0.09728383884110459,0.14285714285714346,2.3200000000000003,1.0,,,0.3225242176677055,17216231450.70569,3.551349364805827,15.212472958820179,35.55603356196962,True,True,1.0882575107296137,16.614462,,2.0
SYK,Stryker Corporation,Health Care,822211219.1816542,272.3599853515625,2026-09-25,C,False,45.2979714243591,70.45827326759604,2024-11-30,2024-11-30,21,-0.35709506742635766,47.9116258219653,323.79998779296875,406.1900024414063,-0.20283614602336864,2026-03-31,AC,35.83358534695252,2026-06-30,0.08476782265513472,0.2781456953642385,9.65,1.0,,,0.35127055306427507,105246672059.68669,4.073486552606211,19.38104816666999,28.22383267891839,True,True,0.7328300518134716,16.28771,,2.0
TDG,TransDigm Group,Industrials,476049892.4328032,1116.199951171875,2026-09-25,C,False,45.37307098544303,80.88864161585207,2024-09-30,2025-07-31,13,-0.43906746263679264,55.0042762987794,1171.739990234375,1623.8299560546875,-0.2784096722286893,2025-09-30,C,42.77199489729688,2026-06-27,0.16620046620046613,0.09462151394422302,32.97,1.0,,,0.4807867721445511,72077333819.9855,7.203411335197432,21.32114765406006,33.855018233905824,True,True,0.46718537621359224,22.833868,,2.0
CRUS,Cirrus Logic,Information Technology,99963793.39478508,119.91999816894533,2026-09-25,C,False,45.60201140246287,72.97309009863037,2024-08-31,2026-05-31,3,-0.3750845504715885,49.621701267068644,109.51000213623048,180.4199981689453,-0.39302736255608817,2026-08-31,C,49.3818313247596,2026-06-27,0.06246076991773797,0.2821316614420062,8.18,1.0,,,0.4183673469387755,6312101986.750298,3.079329498909811,10.484817157736819,14.66014647542119,True,True,0.08937576499388,13.428911,,2.0
BR,Broadridge Financial Solutions,Industrials,187570208.1005036,163.77000427246094,2026-09-25,C,False,46.10654165074377,73.40990087869761,2025-08-31,2025-08-31,12,-0.3719302015278547,49.91873259751437,182.3800048828125,271.9100036621094,-0.329263350275821,2026-01-31,C,41.10922555565214,2026-06-30,0.08530867602444436,0.352112676056338,9.6,1.0,,,0.3508289156441777,19179855812.867485,2.5652492794868773,15.317149282394135,17.059375445048016,True,True,0.2033076923076924,14.147594,,2.0
LOPE,Grand Canyon Education,Consumer Discretionary,49694157.81618149,147.27999877929688,2026-09-25,C,False,46.30490955059009,73.91990243811958,2025-05-31,2025-09-30,11,-0.37357994229831093,50.26553365792131,148.1300048828125,223.0399932861328,-0.3358589968536272,2025-11-30,C,46.03180748936868,2026-06-30,0.06967770094401571,0.003636363636363882,8.280000000000001,1.0,,,0.33665738016507407,3863743487.976074,3.383117515078878,,17.787439466098654,True,True,0.36759371221281745,12.904951,,2.0
CRH,CRH plc,Materials,427446233.3181351,85.04000091552734,2026-09-25,C,False,46.73927493364277,74.99580951140518,2024-11-30,2025-12-31,8,-0.3767748459794308,50.99715046775552,94.29000091552734,131.5500030517578,-0.28323832209696476,2026-07-31,C,41.9106039126412,2026-06-30,0.06286626131455142,0.1865828092243187,5.659999999999999,1.0,,,0.3766899766899767,57664933483.00247,1.492672744952435,9.299747979367227,15.024735144086105,True,True,0.14535097001763675,12.876224,,2.0
NFLX,Netflix,Communication Services,2803074244.9333916,71.1500015258789,2026-09-25,C,False,46.858257635283046,85.04167612291997,2025-06-30,2025-06-30,14,-0.4489965417949463,57.828339763585575,81.05000305175781,134.11500549316406,-0.3956678989519261,2025-12-31,BC,42.279144821136136,2026-06-30,0.16016001944490532,0.3549211759693225,3.1799999999999997,1.0,,,0.2989536621823617,305395518231.88495,6.313638507588695,21.089045248591507,22.374214316314124,True,True,0.20025810513062603,18.65746,,2.0
IR,Ingersoll Rand,Industrials,329150620.8385286,76.08000183105469,2026-09-25,C,False,47.41781795070136,70.75493080378297,2024-11-30,2024-11-30,21,-0.32983019823452175,48.11335294657241,77.05000305175781,106.02999877929688,-0.27331883486919006,2025-04-30,C,46.789669349519535,2026-06-30,0.0784731746398164,0.8759689922480614,2.4199999999999995,1.0,,,0.23462705786395385,30152202378.5804,3.796454682402911,17.12447474429411,31.438017285559795,True,True,0.611971193415638,19.591074,,2.0
UHS,Universal Health Services,Health Care,138952375.54171124,178.86000061035156,2026-09-25,C,False,47.433381028976285,71.7973133160832,2024-08-31,2024-08-31,24,-0.3393432311296416,48.82217305493658,170.3300018310547,246.3300018310547,-0.3085292064915607,2025-07-31,-,49.72833390358645,2026-06-30,0.10049655883844055,0.29151291512915156,24.500000000000004,1.0,,,0.07991047919957872,11140620006.18012,0.6150116205984812,5.872570255877461,7.300408188177614,True,True,-0.022427698574338018,7.452687,,2.0
RLI,RLI Corp.,Financials,47636127.39912972,55.68999862670898,2026-09-25,C,False,49.219807204063585,73.34452725642984,2024-11-30,2024-11-30,21,-0.32892324696593267,49.87427853437229,63.470001220703125,91.1449966430664,-0.303637022784054,2025-06-30,C,42.755386264464676,2026-06-30,0.08686217454346079,0.3600000000000001,4.76,1.0,,,0.27014218009478674,5132605545.701098,2.599582629675657,,11.699579543426257,True,True,-0.4333178123630309,20.65875,,2.0
PGR,Progressive Corporation,Financials,582338052.3981488,205.5,2026-09-25,C,False,50.44852278148055,85.87004931185652,2024-09-30,2025-03-31,17,-0.41250152776475857,58.39163353206243,218.0800018310547,292.989990234375,-0.25567422403542406,2025-07-31,C,46.795183804072046,2026-06-30,0.10492913309387442,0.12281690140845081,19.930000000000003,1.0,,,0.39636273044344794,120588183642.7496,1.3243444472324375,7.690426265927368,10.311088810837932,True,True,48.803149606299215,0.20306323,,2.0
NOW,ServiceNow,Information Technology,2271146949.39224,135.6199951171875,2026-09-25,C,False,51.21541551342717,79.72283528203029,2024-12-31,2025-01-31,19,-0.35758160968252417,54.21152799178059,147.99000549316406,239.6179962158203,-0.3823919412134984,2025-03-31,BC,48.30968382704663,2026-06-30,0.22186281827983745,0.0062893081761006275,1.6,1.0,,,0.14595195502172245,141553369903.56445,9.608564343168915,63.92490920919188,84.76249694824219,True,True,2.1284437499999997,27.094143,,2.0
RCL,Royal Caribbean Group,Consumer Discretionary,645056068.9150372,242.6999969482422,2026-09-25,C,False,52.114337603141394,84.24913990257076,2024-11-30,2025-08-31,12,-0.3814258796777201,57.289415133748115,268.739990234375,366.5,-0.26673945365791274,2026-03-31,C,48.148101354938134,2026-06-30,0.08723738578827911,0.1921944035346097,16.189999999999998,1.0,,,0.477259236224155,65929251796.069756,3.529025361099976,12.704575281305257,14.990734833121817,True,True,0.25434981458590866,12.135028,,2.0
ISRG,Intuitive Surgical,Health Care,1133261937.6474047,405.1799926757813,2026-09-25,C,False,40.634760748546476,75.76193897157137,2024-11-30,2025-01-31,19,-0.46365204877089916,51.51811850066853,376.8599853515625,616.0,-0.38821430949421676,2025-09-30,C,44.6429037297563,2026-06-30,0.20660470202296333,0.21617852161785223,8.72,1.0,,,0.5067264573991032,145846211125.0851,13.217412013800942,,46.46559549034189,True,False,0.38505956471935865,33.509296,,2.0
PEG,Public Service Enterprise Group,Utilities,226601855.745806,67.0199966430664,2026-09-25,C,False,43.42054845587232,77.47512150823583,2024-11-30,2024-11-30,21,-0.439554948600415,52.683082625600356,73.33000183105469,95.22000122070312,-0.22988866949194098,2025-12-31,AC,37.76167573147057,2026-06-30,0.12654930842464518,0.015151515151514916,4.02,1.0,,,0.6220175141720958,33543341603.445183,2.6742678468823393,,16.67164095598667,True,False,0.1626570795893143,14.275257,,2.0
SGI,Somnigroup International,Consumer Discretionary,205026667.43885222,63.95000076293945,2026-09-25,C,False,47.028851726122575,76.37103625321936,2025-09-30,2026-02-28,6,-0.3842056618141002,51.93230465218916,64.75,98.55999755859376,-0.3430397564538673,2026-05-31,C,46.46455857212138,2026-06-30,0.2707311375846764,0.7328767123287674,2.5300000000000002,1.0,,,0.6382306477093208,13480053520.504192,1.7699650105704035,14.195123788632271,25.27668014345433,True,False,0.5730520000000001,15.9181,,2.0
IBM,IBM,Information Technology,1947673423.0440655,225.50999450683597,2026-09-25,C,False,48.39080866693992,76.92846680872883,2025-06-30,2025-06-30,14,-0.3709635629778447,52.3113574299356,233.8699951171875,332.4599914550781,-0.2965469496235973,2026-02-28,C,47.0273747481185,2026-06-30,0.0789181930325884,0.8268608414239482,11.29,1.0,,,0.8708920187793427,214224507624.96155,3.1004342951727555,18.39440090420905,19.97431306526448,True,False,0.16661313220940555,16.8299,,2.0
NOC,Northrop Grumman,Industrials,446648877.49924433,510.5199890136719,2026-09-25,C,False,48.891312553128714,74.50439227765614,2026-02-28,2026-02-28,6,-0.34377945972735335,50.66298674880617,539.7000122070312,774.0,-0.30271316252321545,2026-06-30,C,45.74858284645876,2026-06-30,0.05903557936841075,0.16088560885608838,31.459999999999997,1.0,,,0.6154818325434439,72959245728.0823,1.700998921199345,14.022091755648857,16.227590242011185,True,False,0.027891025641025635,16.65294,,2.0
BWXT,BWX Technologies,Industrials,162849154.39167327,138.47000122070312,2026-09-25,C,False,49.03956061492107,84.23767268254976,2025-10-31,2026-04-30,4,-0.4178428836735911,57.28161742413383,152.2899932861328,241.82000732421875,-0.37023410522872535,2026-07-31,BC,45.27679723267997,2026-06-30,0.22672210352868882,0.20249221183800636,3.8600000000000003,1.0,,,0.8374117291643065,12741356622.686039,3.625915025650771,25.986828752838726,35.873057311062986,True,False,0.3608808290155441,25.640589,,2.0
TJX,TJX Companies,Consumer Discretionary,988564201.1436946,130.05999755859375,2026-09-25,C,False,49.5648173584454,76.31363064251929,2026-02-28,2026-04-30,4,-0.3505116066273275,51.89326883691311,133.91000366210938,170.0,-0.21229409610523897,2026-08-31,C,47.252416374874315,2026-08-01,0.07661631419939585,0.2705882352941178,5.4,1.0,,,0.7702702702702702,146117734731.24185,2.3430196547831543,15.26962139376782,24.085184733072914,True,False,0.06719408502772639,22.538244,,2.0
HII,Huntington Ingalls Industries,Industrials,138536412.82242063,264.0199890136719,2026-09-25,C,False,49.58260511881348,76.95264284705863,2026-02-28,2026-02-28,6,-0.3556737847541166,52.32779713599986,291.20001220703125,460.0,-0.36695649520210594,2026-05-31,BC,46.320610808011494,2026-06-30,0.13968363730659528,0.25579655946148105,16.790000000000003,1.0,,,0.6221033868092691,10394116303.635324,0.7883288815802294,14.144990598524675,15.724835557693378,True,False,0.24164243146603104,12.388431,,2.0
BJ,BJ's Wholesale Club,Consumer Staples,159558591.5942722,93.79000091552734,2026-09-25,C,False,49.6209193970776,74.73008828774643,2025-04-30,2025-04-30,16,-0.33599811623380627,50.81646003566757,90.6500015258789,121.0999984741211,-0.2514450646731371,2025-10-31,-,51.956011828572024,2026-08-01,0.09085941863977687,0.048165137614679,4.57,1.0,,,0.5397938144329898,12193110578.541159,0.5345129032226613,11.037137587932287,20.522976130312326,True,False,0.09933479212253826,19.208452,,2.0
ORLY,O'Reilly Automotive,Consumer Discretionary,600279106.4036173,86.12000274658203,2026-09-25,C,False,50.974987723249036,77.98133463715625,2025-09-30,2025-09-30,11,-0.3463180905990718,53.02730755326625,88.80000305175781,108.72000122070312,-0.18322293915824595,2026-05-31,C,48.95770157738532,2026-06-30,0.0847179246373968,0.12876254180602031,3.150000000000001,1.0,,,0.8336431794576384,72460386082.37129,3.9014749867234952,18.997029093961473,27.339683411613336,True,False,0.1631464968152867,23.682467,,2.0
EVR,Evercore,Financials,153685662.9194956,262.9100036621094,2026-09-25,C,False,51.031187879491696,83.7695190419982,2024-11-30,2024-11-30,21,-0.39081436227529254,56.96327294855877,286.42999267578125,388.7099914550781,-0.26312675523576556,2025-03-31,C,47.089310199037314,2026-06-30,0.45682881787965424,0.6086956521739131,17.759999999999998,1.0,,,0.5486103989334428,11030480985.289223,2.3261300925454096,7.927063694878682,14.803491197190844,True,False,0.2766144714527985,11.622744,,2.0
TPL,Texas Pacific Land Corporation,Energy,143122263.20965478,341.07000732421875,2026-09-25,C,False,51.50094822489435,86.01177948906508,2024-11-30,2024-11-30,21,-0.4012337783170523,58.48801005256425,374.3399963378906,589.7133178710938,-0.36521698765548627,2025-05-31,BC,48.47482063654654,2026-06-30,0.20820247875478048,0.17248255234297094,7.84,1.0,,,0.5721879746269991,23553668250.695057,26.24244268584394,31.49089360778299,43.50382746482382,True,False,8.318606231155217,4.6513944,,2.0
WMT,Walmart,Consumer Staples,2638791405.3350782,107.9800033569336,2026-09-25,C,False,53.75053365181864,87.70017241484106,2024-11-30,2026-02-28,6,-0.3871102852846535,59.63611724209192,104.87000274658205,135.16000366210938,-0.22410476542491242,2026-07-31,C,55.8731077194977,2026-07-31,0.06103145518844566,0.04150943396226414,2.76,1.0,,,0.921921921921922,863683534096.9805,1.1856195540999586,18.8311176006793,39.12318962207739,True,False,0.16587364620938638,33.709866,,2.0
SPXC,SPX Technologies,Industrials,108042704.67439681,172.7899932861328,2026-09-25,C,False,53.92571433330307,83.2681794141075,2024-09-30,2026-02-28,6,-0.3523850922076621,56.62236200159309,196.75,251.0800018310547,-0.21638522158213125,2026-08-31,C,48.115482225529085,2026-06-27,0.20634379263301494,0.24887892376681653,5.57,1.0,,,0.6653651443343387,8651908281.41875,3.4944498087235956,17.004348683908724,31.02154278027519,True,False,0.7446043165467624,17.512371,,2.0
MUSA,Murphy USA,Consumer Discretionary,157759161.65272546,511.5400085449219,2026-09-25,C,False,55.44571610747663,84.92059837212967,2024-08-31,2024-11-30,21,-0.34708754801151387,57.746006893048175,515.3900146484375,636.0499877929688,-0.18970202886601661,2025-05-31,-,55.071593601174136,2026-06-30,0.10265769303825079,0.35981697171381,32.69,1.0,,,0.7491427966766246,9658075658.425385,0.44965201631479046,9.657184191364218,15.648210723307493,True,False,-0.06592570036540812,16.937572,,2.0
TT,Trane Technologies,Industrials,507890717.43028426,454.4400024414063,2026-09-25,C,False,55.9171243467684,86.17306680099091,2024-09-30,2025-07-31,13,-0.3511067155599318,58.59768542467381,444.3999938964844,505.8699951171875,-0.12151343589070407,2025-12-31,C,57.06789981427733,2026-06-30,0.0703514681856956,0.04924543288324079,13.21,1.0,,,0.9248045005234218,101449172384.53497,4.567745572223872,24.244204984007627,34.40121138844862,True,False,0.3312462121212121,25.674278,,2.0
CW,Curtiss-Wright,Industrials,218888759.70391166,539.72998046875,2026-09-25,C,False,55.94678798665761,86.05365954615061,2024-11-30,2026-07-31,1,-0.34986160633118313,58.51648849138241,582.530029296875,808.1599731445312,-0.27918970419895395,2026-08-31,C,51.48410145846418,2026-06-30,0.10539980613846467,0.2271959459459456,14.529999999999998,1.0,,,0.9201437288975621,20102768737.09567,5.501810622860314,25.548862493338365,37.145903679886445,True,False,0.17954232622161048,30.918823,,2.0
CTAS,Cintas,Industrials,430163042.3515199,199.91000366210935,2026-09-25,C,False,56.341810257128195,86.91788433603934,2024-11-30,2024-11-30,21,-0.3517811588774853,59.10416134850674,201.7899932861328,229.2400054931641,-0.11974355064238484,2025-10-31,C,55.53742993229677,2026-05-31,0.08941622975458552,0.11590909090909096,4.91,1.0,,,0.8349514563106796,81428433850.12251,7.228598445197596,28.568626367450857,40.71486836295506,True,False,0.2543645621181263,32.52757,,2.0
AEIS,Advanced Energy,Information Technology,189108444.1841731,279.67999267578125,2026-09-25,C,False,57.723491522287645,89.98288192347081,2026-02-28,2026-04-30,4,-0.35850585924353173,61.188359707960146,276.8599853515625,397.4400024414063,-0.30339174806044,2026-07-31,C,58.02313843847242,2026-06-30,0.24579548608521384,1.4499999999999993,5.389999999999999,1.0,,,0.8582467479410436,11384376696.301748,5.586601578320614,33.91222633002335,51.888681386972415,True,False,2.229416842105263,18.083109,,2.0
FLEX,Flex Ltd.,Information Technology,474964304.91752017,114.68000030517578,2026-09-25,C,False,63.91260237588738,94.8427714526845,2026-06-30,2026-06-30,2,-0.32612046867723254,64.49308458782545,109.25,166.86000061035156,-0.34525950137613504,2026-08-31,-,65.25477121227514,2026-06-26,0.12245915471350766,0.1409691629955947,2.59,1.0,,,0.9700327488289183,43082486601.133606,1.4720499744126014,23.83926932413928,44.27799239582077,True,False,1.7456023166023162,16.034063,,2.0
INGR,Ingredion,Consumer Staples,66374118.76189217,96.72000122070312,2026-09-25,C,False,41.78663759459948,73.1416227016511,2024-11-30,2024-11-30,21,-0.42868867204314587,49.73630343712274,103.45999908447266,155.44000244140625,-0.3344055747588377,2025-09-30,AC,37.94837922336503,2026-06-30,-0.013805358119190814,-0.10156250000000022,9.2,1.0,,,0.18167456556082148,6223721817.680027,0.8626087065391583,6.511735994169767,10.513043610945992,False,True,0.2376008724100327,8.522488,,2.0
TMUS,T-Mobile US,Communication Services,877995935.3120108,165.42999267578125,2026-09-25,C,False,43.05303526960957,88.74953477106084,2024-11-30,2025-03-31,17,-0.5148928343042067,60.34968364432137,180.44000244140625,276.489990234375,-0.3473904704888199,2025-10-31,ABC,38.81789961440663,2026-06-30,0.09680911816494553,-0.09726156751652493,9.56,1.0,,,0.3296056778651974,182734385215.08893,1.9821712483603133,5.694452835040067,17.30439253930766,False,True,0.511889005235602,11.457529,,2.0
WH,Wyndham Hotels & Resorts,Consumer Discretionary,97243866.18842474,69.98999786376953,2026-09-25,C,False,43.57809928502543,74.80895394977881,2025-02-28,2025-02-28,18,-0.41747482107181266,50.87008868584959,73.66000366210938,113.06999969482422,-0.3485451148764692,2025-05-31,C,40.632037111461706,2026-06-30,-0.019363762102351356,-0.35058823529411764,2.7600000000000002,1.0,,,0.3379606001837297,5249249839.782715,3.701868716348882,16.03112212200554,25.358694878177364,False,True,0.9594779411764707,13.278221,,2.0
FNF,Fidelity National Financial,Financials,89387002.59900169,41.41999816894531,2026-09-25,C,False,44.19716059842327,70.56027216129996,2024-09-30,2024-09-30,23,-0.3736254234197245,47.98098506968397,46.45000076293945,64.33943939208984,-0.2780477852803578,2026-03-31,AC,39.592614256927845,2026-06-30,0.13026199587871656,-0.24269974554707396,2.869999999999999,1.0,,,0.16864139020537125,11141546545.792957,0.7254555636015729,4.552840025092661,14.432055111130774,False,True,1.0099513888888891,7.155369,,2.0
EXP,Eagle Materials,Materials,89289114.41701253,178.49000549316406,2026-09-25,C,False,45.04409646342424,70.13552290280379,2024-11-30,2024-11-30,21,-0.35775631806655395,47.69215557390657,194.25999450683597,321.92999267578125,-0.39657689893318815,2025-05-31,BC,41.825027265020914,2026-06-30,0.016805094578678625,-0.06622516556291402,12.69,1.0,,,0.2546200750469043,5662366861.418837,2.435495743715235,9.859592821543455,14.065406264236728,False,True,0.11629328063241107,12.499018,,2.0
LDOS,Leidos,Industrials,179113705.51548308,123.61000061035156,2026-09-25,C,False,47.90431536723192,81.08171123054237,2024-10-31,2025-11-30,9,-0.4091847021947531,55.13556363676881,140.2100067138672,205.7700042724609,-0.3186081362557852,2026-03-31,C,43.28037097138785,2026-07-03,0.0352199776194122,0.010377358490566202,10.71,1.0,,,0.33287867674812693,15881172814.177753,0.903520100937461,9.075545803678281,11.541550010303599,False,True,0.18939365671641784,9.694674,,2.0
LHX,L3Harris,Industrials,426339181.7618476,237.69000244140625,2026-09-25,C,False,48.16717763432319,74.58709212294815,2025-09-30,2026-03-31,5,-0.35421563888125307,50.71922264360474,266.25,379.2300109863281,-0.29791948873582486,2026-07-31,C,42.13735369602966,2026-07-03,,0.10614525139664766,9.899999999999999,1.0,,,0.45756833945328435,44993036825.77731,,15.518813910477867,24.009091155697604,False,True,0.367609090909091,17.604269,,2.0
PTC,PTC Inc.,Information Technology,208968290.2547806,138.1199951171875,2026-09-25,C,False,48.63622654443102,72.72524964285768,2024-11-30,2024-11-30,21,-0.3312332816556022,49.453169757143215,155.74000549316406,219.69000244140625,-0.29109197613714055,2025-03-31,C,43.68510758353934,2026-06-30,0.19498312687248842,1.4258823529411764,10.309999999999999,1.0,net income 1.10x operating income,,0.24365079365079367,16395071164.34003,5.550178256374817,14.353759598730887,13.396701757244182,False,True,-0.13639071566731142,15.46745,,2.0
ATR,AptarGroup,Materials,57526573.52913751,123.87000274658205,2026-09-25,C,False,48.644843236233676,75.34351185281324,2024-11-30,2024-11-30,21,-0.35435922695953637,51.233588059913,131.6199951171875,178.02999877929688,-0.26068642352597937,2025-08-31,C,45.02481660537034,2026-06-30,0.08933188171910489,-0.04317789291882557,5.539999999999999,1.0,,,0.4660347551342812,8105614739.2934,2.060796838459612,11.545428953984295,22.35920627194622,False,True,0.14233996383363468,19.608557,,2.0
META,Meta Platforms,Communication Services,12375567931.538319,751.6599731445312,2026-09-25,C,False,49.00094222917735,80.49158476765129,2025-01-31,2025-07-31,13,-0.39122900399309435,54.73427764200287,572.3400268554688,796.25,-0.2812056177639325,2026-03-31,-,62.225414345441756,2026-06-30,0.27652065949307625,-0.036647314949201926,26.549999999999997,1.0,,,0.29865125240847784,1927929975562.949,8.4466826532789,17.521626697943084,28.3111100996057,False,True,0.3117645951035781,20.68762,,2.0
JEF,Jefferies,Financials,104762574.599481,47.68000030517578,2026-09-25,C,False,49.887063331955005,84.6170255302649,2024-11-30,2025-01-31,19,-0.41043704834422545,57.539577360580125,52.63999938964844,82.68000030517578,-0.363328505136046,2025-03-31,BC,46.2867139154431,2026-05-31,0.13750226857857828,,,1.0,,,0.36737588652482267,9697757799.670486,0.818655288357422,10.123471498317512,,False,True,0.21272433476331742,10.706211,,2.0
KKR,KKR & Co.,Financials,424824902.44753397,96.66999816894533,2026-09-25,C,False,50.35078736023209,85.60940016406187,2024-11-30,2025-01-31,19,-0.4118544544905135,58.21439211156206,109.72000122070312,170.39999389648438,-0.35610325615764693,2025-03-31,BC,45.720767775545326,2026-06-30,0.31140718401464795,,,1.0,,,0.26,86788063148.15195,4.07280641340081,,,False,True,1.3596082802547769,12.584405,,2.0
APO,Apollo Global Management,Financials,455592838.84111434,121.69000244140624,2026-09-25,C,False,54.606629700316624,81.2038689101021,2024-11-30,2024-12-31,20,-0.3275366009867132,55.218630858869425,136.5800018310547,189.4900054931641,-0.27922318923579403,2025-09-30,C,48.87633792193437,2026-06-30,0.41234558187111503,-0.4757462686567163,2.8100000000000005,1.0,TTM net income jumped 1.70x in one quarter,,0.16854407209236835,76998158128.40579,2.1448552363131506,6.403716148859794,43.306050690891894,False,True,3.05122641509434,11.178539,,2.0
HLI,Houlihan Lokey,Financials,120087358.35702078,129.07000732421875,2026-09-25,C,False,41.81747224099866,85.14618956650574,2024-11-30,2025-09-30,11,-0.5088744140648127,57.8994089052239,133.2899932861328,211.7769927978516,-0.37061154979491706,2025-11-30,C,40.346405187057194,2026-06-30,0.017072687086180816,0.0016835016835015093,5.949999999999999,1.0,,,0.5933475118048435,8763745035.123425,3.472831174885923,14.588740596564422,21.692438205751053,False,False,0.47714621848739514,14.68537,,2.0
NVR,"NVR, Inc.",Consumer Discretionary,218071253.67606026,6297.60009765625,2026-09-25,C,False,43.11421256498477,76.69579310297874,2024-09-30,2024-09-30,23,-0.43785427048005476,52.15313931002554,6315.22998046875,9964.76953125,-0.3662442507411855,2025-02-28,C,42.967701715217345,2026-06-30,-0.09932256846500676,-0.18634210303696785,384.7300000000001,1.0,,,0.6170634920634921,18682132777.42061,1.9604459880527825,11.584434659222767,16.36888232697281,False,False,0.03897196504058731,15.719746,,2.0
AZO,AutoZone,Consumer Discretionary,840084824.6578156,2872.159912109375,2026-09-25,C,False,44.60325002842167,80.4326639373931,2025-09-30,2025-09-30,11,-0.44545850099979545,54.6942114774273,2991.239990234375,4388.10986328125,-0.31833065182245746,2025-12-31,C,42.93575294994204,2026-05-09,0.05740493639323829,-0.015039631461283287,145.39,1.0,,,0.696124031007752,48955006603.17857,2.449415565331019,13.536106389487433,19.754865617369664,False,False,0.3219988999656238,15.138937,,2.0
KR,Kroger,Consumer Staples,414534422.1739996,58.7400016784668,2026-09-25,C,False,45.48179030609467,74.59809822352449,2025-04-30,2025-04-30,16,-0.39030898388570445,50.72670679199665,57.540000915527344,76.58000183105469,-0.24862889083669693,2026-05-31,C,47.02080000193477,2026-08-15,0.015823129251700596,-0.5304568527918783,1.8499999999999996,1.0,,,0.8114630467571645,34418465848.35569,0.23049211690097968,9.056751853982622,31.751352258630707,False,False,1.9906739130434783,10.887105,,2.0
SRE,Sempra,Utilities,318620096.1280581,77.93000030517578,2026-09-25,C,False,46.62554485943113,70.90282414065754,2024-11-30,2024-11-30,21,-0.3424021479463917,48.213920415647124,81.69999694824219,101.04000091552734,-0.19140938036465394,2025-02-28,C,43.54159554324925,2026-03-31,0.030757498729028887,-0.2881355932203389,2.9400000000000004,1.0,,,0.7804429148585965,51873813128.30918,4.264185213999933,15.545318703080907,26.506802824889718,False,False,0.6046985507246374,13.868693,,2.0
VST,Vistra Corp.,Utilities,644838512.0829991,138.4600067138672,2026-09-25,C,False,48.760469399408066,87.67693392260931,2024-11-30,2025-07-31,13,-0.4438620602033373,59.62031506737432,137.3699951171875,219.82000732421875,-0.37507965362508333,2025-12-31,C,49.10747268897707,2026-06-30,0.1861177058603023,-0.048154093097913186,5.930000000000001,1.0,,,0.5800567001529447,51811594417.88723,2.729080559277705,13.10648096359875,23.349073644834263,False,False,0.6516986796908151,13.323866,,2.0
CSL,Carlisle Companies,Industrials,202456919.74453396,326.3699951171875,2026-09-25,C,False,49.51915397723794,77.11267149448312,2024-09-30,2024-09-30,23,-0.35783376431484815,52.43661661624852,346.5799865722656,481.260009765625,-0.27984877293035204,2025-02-28,C,46.25293706833808,2026-06-30,0.019033148066696093,-0.03752759381898474,17.44,1.0,,,0.667573590381426,13558203065.50472,2.6600359163242535,14.445179448567382,18.713875866811208,False,False,0.3771973608720596,13.552639,,2.0
NI,NiSource,Utilities,237469527.8507475,39.41999816894531,2026-09-25,C,False,50.54937909042174,77.48773481189546,2025-02-28,2026-04-30,4,-0.3476467054672284,52.69165967208891,40.91999816894531,49.209999084472656,-0.16846171651612785,2026-08-31,C,47.4100073496525,2026-06-30,0.12651710187568965,-0.005291005291005457,1.8799999999999997,1.0,,,0.6627501563477174,18978212948.25128,2.8163435948492688,11.368680523523437,20.968084132417722,False,False,0.43512738853503197,17.43559,,2.0
ARES,Ares Management,Financials,283063389.60211617,122.01000213623048,2026-09-25,C,False,51.59229393087976,83.87693783924345,2025-01-31,2025-01-31,19,-0.38490489448052656,57.036317730685546,143.1699981689453,200.4850006103516,-0.28588174809545797,2025-03-31,C,45.537009920049954,2026-06-30,0.24026626514783844,,,1.0,,,0.5724137931034483,38209893232.71367,6.381509309282553,,,False,False,2.298422018348624,16.96808,,2.0
CL,Colgate-Palmolive,Consumer Staples,423085089.8291936,86.05999755859375,2026-09-25,C,False,51.97602022092528,77.1161911790937,2024-08-31,2024-09-30,23,-0.3260037947126201,52.439010001783714,89.81999969482422,109.3000030517578,-0.1782250943552951,2025-01-31,C,48.32691566112582,2026-06-30,0.052455245524552385,-0.2865168539325842,2.54,1.0,,,0.6980568011958145,69051289379.69058,3.2808138632437203,20.017043844032496,33.88188880259597,False,False,0.6271904761904763,21.090008,,2.0
CVLT,CommVault Systems,Information Technology,85828340.1506333,145.5399932861328,2026-09-25,C,False,52.83072493161898,87.72109124279865,2024-11-30,2025-07-31,13,-0.3977420460332446,59.65034204510307,137.52000427246094,200.67999267578125,-0.3147298719776298,2025-10-31,C,54.70992678563206,2026-06-30,0.15472896929980773,-0.12849162011173199,1.56,1.0,,,0.6366355593915202,6372039449.642866,5.240840675681701,64.26937870099513,93.29486749111078,False,False,2.9493821656050945,23.472185,,2.0
CHRW,C.H. Robinson,Industrials,286531908.24492925,147.10000610351562,2026-09-25,C,False,53.643537169890585,83.2863342499114,2026-01-31,2026-02-28,6,-0.35591429670891483,56.63470728993975,149.66000366210938,210.3300018310547,-0.2884514697892593,2026-07-31,C,52.70806887428454,2026-06-30,-0.0009444775571959552,0.1909090909090907,5.239999999999999,1.0,,,0.8579970104633782,17779085031.588024,1.0460431547124507,20.688415621153528,28.072520248762526,False,False,0.4315305343511451,19.76345,,2.0
AXON,Axon Enterprise,Industrials,531978213.6636401,430.1099853515625,2026-09-25,C,False,53.72082512416995,88.91290769136542,2024-11-30,2025-08-31,12,-0.3958039780832977,60.46077723012848,566.5599975585938,885.9199829101562,-0.36048400703469596,2025-11-30,BC,45.541323569354844,2026-06-30,0.3460078859670763,-0.4088669950738917,2.4,1.0,net income 8.38x operating income,,0.8437474273718489,35716691608.58155,11.095244852233979,275.48289967315975,179.21249389648438,False,False,3.3787842323651462,40.260612,,2.0
IRM,Iron Mountain,Real Estate,216108693.6151777,111.37999725341795,2026-09-25,C,False,57.575065870828695,85.84673693469003,2024-10-31,2024-10-31,22,-0.32932726476685636,58.37578111558921,115.3499984741211,134.67999267578125,-0.14352535827792745,2025-02-28,C,55.211619135509714,2026-06-30,0.17372919367870887,9.071428571428571,1.4100000000000001,1.0,TTM net income jumped 3.85x in one quarter,,0.821266512050015,33070775000.09198,4.3730118105698494,20.02745978907997,78.9929058534879,False,False,0.949785714285714,40.641827,,2.0
IDXX,Idexx Laboratories,Health Care,320349753.76514256,519.260009765625,2026-09-25,-,False,50.39164429448498,72.3882773383948,2025-11-30,2025-11-30,9,-0.30387009958921607,49.22402859010846,556.6900024414062,769.97998046875,-0.2770071734819607,2026-06-30,C,46.41254347463124,2026-06-30,0.12767320130321225,0.1838602329450918,14.23,1.0,,,0.48025276461295413,41586632866.440834,9.133449617214188,25.944039825781747,36.490513686972946,True,True,0.17701969057665257,31.355564,,3.0
EXLS,EXL Service,Industrials,75180453.07295664,34.75,2026-09-25,-,False,52.179720218705754,75.40137851565804,2025-01-31,2025-02-28,18,-0.30797392241482713,51.27293739064746,38.08000183105469,52.43000030517578,-0.2736982336562087,2025-10-31,C,47.960834425320066,2026-03-31,0.13354834030871032,0.0827586206896549,1.5699999999999998,1.0,,,0.3402125933651486,5567082802.547771,2.580924623262362,14.813284330194673,22.13375796178344,True,True,0.6333459119496858,13.380721,,3.0
NFG,National Fuel Gas,Utilities,54618790.97936721,78.98999786376953,2026-09-25,-,False,55.80182495987388,78.54505513735512,2025-09-30,2025-09-30,11,-0.28955648624485875,53.410637493401474,83.05999755859375,97.05999755859376,-0.14424067949876473,2026-05-31,C,51.74303887107972,2026-06-30,0.1805383826475353,1.6592592592592594,7.18,1.0,,,0.28662017570847437,7428976294.910145,3.0158205420335213,6.533972344417283,11.001392460135033,True,True,0.04427777777777786,10.398601,,3.0
BKNG,Booking Holdings,Consumer Discretionary,1255005330.1757085,163.9499969482422,2026-09-25,-,False,56.698897664946614,78.81386143158485,2024-11-30,2025-06-30,14,-0.2805973894051029,53.5934257734777,199.08999633789065,233.57640075683597,-0.14764507162197127,2026-02-28,C,44.84124930293312,2026-06-30,0.12851148851148841,0.5687600195162754,9.0028,1.0,,,0.03702725176165265,131283103923.21031,4.648670511781109,13.62243571011774,18.211000682925555,True,True,0.47833237712755805,13.334389,,3.0
SF,Stifel,Financials,93762740.50697447,70.3499984741211,2026-09-25,-,False,59.17663262634995,81.93357059382656,2024-11-30,2025-01-31,19,-0.27774864201013194,55.714828003802054,80.77999877929688,89.82666778564453,-0.10071250809320831,2025-04-30,C,49.95112964484104,2026-06-30,0.15399080346376226,0.625968992248062,5.593333333333334,1.0,,,0.4080272511848341,11525329568.253654,1.947194863988088,4.844501969750527,12.57747290955681,True,True,0.3117982510860231,9.566656,,3.0
HIG,Hartford (The),Financials,215786543.41729784,124.2300033569336,2026-09-25,-,False,59.50443649689964,77.17695272826806,2024-09-30,2025-05-31,15,-0.2289869657537723,52.48032785522228,137.3800048828125,146.07000732421875,-0.05949203810278325,,C,50.35261073350474,2026-06-30,0.06865497502461082,0.40326975476839255,15.450000000000001,1.0,,,0.4864389753892516,35097991239.67735,1.197474965529763,6.874823396302058,8.040776916306381,True,True,-0.11555397543632828,9.222811,,3.0
CBOE,Cboe Global Markets,Financials,305725276.8207611,258.0299987792969,2026-09-25,-,False,59.78473466646463,81.05037665835232,2026-02-28,2026-05-31,3,-0.26237560969676565,55.114256127679575,300.20001220703125,371.1799926757813,-0.19122792679924894,2026-06-30,C,51.77626434272407,2026-06-30,0.11684099033496631,0.505868544600939,12.83,1.0,,,0.3468770928060343,27098177736.182743,5.353995561650711,13.943629824677549,20.1114574262897,True,True,0.18651597817614962,16.710451,,3.0
OKE,Oneok,Energy,335725042.9456075,88.62999725341797,2026-09-25,-,False,60.38006438985635,80.51561961685215,2024-11-30,2024-11-30,21,-0.2500825966789352,54.75062133945946,96.01000213623048,118.06999969482422,-0.18683829605837432,2025-04-30,C,53.85053154980145,2026-06-30,0.4082924909669803,0.12865497076023402,5.79,1.0,,,0.463720150816925,55963949906.476006,1.4216316086591476,11.427106766092125,15.307426123215539,True,True,0.07530172413793101,14.238986,,3.0
WM,Waste Management,Industrials,450537019.8552692,206.8300018310547,2026-09-25,-,False,51.13049492575047,70.32542153505082,2024-11-30,2024-11-30,21,-0.27294435198989075,47.821286643834554,218.9199981689453,248.1300048828125,-0.11772057445314832,2025-10-31,C,46.45708411221069,2026-06-30,0.07169102296450935,0.048961424332344405,7.070000000000001,1.0,,,0.6465330526829566,83463365661.10309,3.2517772104688154,14.263404786725246,29.254597147249598,True,False,0.29127195467422085,22.631802,,3.0
BX,Blackstone Inc.,Financials,555461134.7406902,118.41999816894533,2026-09-25,-,False,52.77391283029197,75.71209821742096,2024-11-30,2024-11-30,21,-0.30296591862053335,51.48422678784625,143.24000549316406,200.9600067138672,-0.2872213340582068,2025-04-30,BC,44.63012944236603,2026-06-30,0.17191699175907216,0.20810810810810798,4.470000000000001,1.0,,,0.6217616580310881,93226898585.33617,5.786723833513102,,26.492169612739442,True,False,0.6744742729306488,15.821186,,3.0
NYT,New York Times Company,Communication Services,162098347.42295402,63.83000183105469,2026-09-25,-,False,54.05522120573064,77.02338554389749,2026-03-31,2026-04-30,4,-0.298197283538994,52.375902169850285,67.2699966430664,87.0999984741211,-0.22766937059070702,,C,50.81458964270771,2026-06-30,0.10757906560687935,0.24352331606217614,2.4000000000000004,1.0,,,0.5206730450747145,10447508528.868357,3.508434854443596,17.509825144774723,26.59583409627278,True,False,0.30838333333333345,20.464186,,3.0
ATO,Atmos Energy,Utilities,177212800.44749427,157.2100067138672,2026-09-25,-,False,54.41999279467346,75.39520703570636,2025-11-30,2026-04-30,4,-0.27820354987684115,51.268740784280325,166.1300048828125,192.50999450683597,-0.1370317925134361,,C,48.921797214527636,2026-06-30,0.06452365765065426,0.16044260027662505,8.389999999999999,1.0,,,0.6851413932407132,26278673831.444107,5.339537743261766,13.865627375415329,18.737783875311944,True,False,0.06125176470588234,17.397324,,3.0
COST,Costco,Consumer Staples,2001833053.4556556,922.77001953125,2026-09-25,-,False,54.54851248522489,79.01234974396274,2024-11-30,2025-02-28,18,-0.3096204243768502,53.72839782589466,943.8900146484376,1096.5,-0.13917919320707928,2025-12-31,C,52.17313921838916,2026-05-10,0.09231106944072387,0.1276233692569484,19.88,1.0,,,0.8489326765188835,410233472465.6533,1.3973148418208345,28.70975144783563,46.41700299452968,True,False,0.25746931589537225,36.820225,,3.0
CNP,CenterPoint Energy,Utilities,263175625.5467672,36.84000015258789,2026-09-25,-,False,54.6869833458633,70.8568887889353,2026-02-28,2026-04-30,4,-0.2282051289499606,48.182684376476,39.59999847412109,45.2599983215332,-0.12505523767815252,,C,47.993729565908005,2026-03-31,0.05244325170524422,0.13986013986014023,1.6300000000000001,1.0,,,0.8280472890338361,24205914210.688114,2.571814089533374,12.264199032269644,22.60122708747723,True,False,0.3046249999999999,17.598448,,3.0
CBRE,CBRE Group,Real Estate,243514462.95180547,134.5500030517578,2026-09-25,-,False,54.71358023917441,73.67159533406773,2024-11-30,2025-08-31,12,-0.25733140444328917,50.09668482716605,145.80999755859375,174.27000427246094,-0.16330984114381286,2026-05-31,C,49.91973073607166,2026-06-30,0.1526829921049111,0.2275280898876404,4.37,1.0,,,0.5774488556526709,40057106171.70181,0.9300465793290414,,30.789474382553273,True,False,1.0860917431192663,14.367216,,3.0
ORI,Old Republic International,Financials,54993884.91041395,37.7400016784668,2026-09-25,-,False,55.75881164677383,74.77864748806219,2024-11-30,2024-11-30,21,-0.25434848690362744,50.84948029188229,41.72999954223633,46.7599983215332,-0.10757055089500589,2026-05-31,C,49.21419138919192,2026-06-30,0.12121386949749025,0.2954545454545452,4.56,1.0,,,0.6540284360189573,9420930682.14885,0.9695307895594164,,8.276316157558508,True,False,-0.2763157894736842,11.50303,,3.0
CME,CME Group,Financials,598373907.614378,264.4800109863281,2026-09-25,-,False,55.80072663728403,76.42354899010608,2025-05-31,2026-02-28,6,-0.26984905340488596,51.96801331327213,285.5,329.1600036621094,-0.13264067072659114,2026-06-30,C,50.965596423327554,2026-06-30,0.05099317194289266,0.14133591481122942,11.79,1.0,,,0.6352765321375187,96168431475.6903,14.199632559975536,20.785166244369492,22.432570906389156,True,False,0.09638761662425788,20.460438,,3.0
AXP,American Express,Financials,957037761.9942801,308.8900146484375,2026-09-25,-,False,57.56766078915824,79.83728686702445,2024-11-30,2025-12-31,8,-0.27893766123287855,54.289355069576615,330.1700134277344,387.489990234375,-0.14792634197329946,2026-03-31,C,51.75852994871858,2026-06-30,0.10652991054517913,0.15730337078651702,16.48,1.0,,,0.6713230312610898,214536110902.06406,2.824701921027835,13.705662733789989,18.743326131579945,True,False,0.22436832524271844,15.162118,,3.0
TPR,"Tapestry, Inc.",Consumer Discretionary,394504360.8579484,113.87999725341795,2026-09-25,-,False,57.852507329669315,82.70580700975808,2026-02-28,2026-02-28,6,-0.3005024747192955,56.239948766635486,123.38999938964844,164.8000030517578,-0.25127428941311347,,C,53.39697536772685,2026-06-27,0.14171195458370778,7.865853658536585,7.27,1.0,,,0.675463639429021,23930463796.980278,2.9897383619824938,12.13139157526035,15.664373762505909,True,False,0.2207860082304527,12.74674,,3.0
MSI,Motorola Solutions,Information Technology,425664463.00334626,456.8800048828125,2026-09-25,-,False,60.459272241915876,84.11186763121079,2024-11-30,2024-11-30,21,-0.2812040209712132,57.19606998922333,485.2999877929688,507.8200073242188,-0.04434645978190466,2025-10-31,C,55.80768430272379,2026-07-04,0.10312809880104568,0.02091713596138356,12.689999999999998,1.0,,,0.8147145343735289,76830727377.45642,6.27855907309442,26.168631646421765,36.00315247303487,True,False,0.5299748031496063,23.338865,,3.0
AMP,Ameriprise Financial,Financials,298315878.99165076,493.0,2026-09-25,-,False,60.747091136801764,80.1818370626589,2024-11-30,2025-01-31,19,-0.24238339551474308,54.52364920260805,553.1099853515625,582.0499877929688,-0.04972081960029184,2025-10-31,C,52.30718212651676,2026-06-30,0.10642763941680378,0.28980990962916775,41.39,1.0,,,0.7623318385650224,47024981879.68108,2.4111665835861706,,11.911089635177579,True,False,0.24622431259044864,9.588442,,3.0
AVGO,Broadcom,Information Technology,8528015678.961375,352.8099975585937,2026-09-25,-,False,60.77132103552806,88.09957450636375,2024-12-31,2026-05-31,3,-0.31019733777331326,59.90771066432735,370.3399963378906,495.0,-0.2518383912365846,,C,57.99487689697623,2026-08-02,0.4869005106297768,1.0,7.84,1.0,,,0.633730757260169,1721973795482.0903,19.325437640084512,40.450623658842936,45.001275198800215,True,False,1.475595146871009,18.095936,,3.0
MLI,Mueller Industries,Industrials,97448248.91319275,60.52000045776367,2026-09-25,-,False,63.11214898042865,90.913015438317,2026-01-31,2026-04-30,4,-0.30579632986380023,61.820850498055556,62.40999984741211,71.12000274658203,-0.12246910240155351,,C,60.76355174964409,2026-06-27,0.1481467249467634,0.220985691573927,3.8400000000000007,1.0,,,0.767772511848341,13404360559.721785,2.875770559784401,10.540741935749665,15.760416785875954,True,False,0.140625,13.9863,,3.0
CASY,Casey's,Consumer Staples,353714053.3746629,598.4600219726562,2026-09-25,-,False,64.50017513203377,82.39671339872893,2026-04-30,2026-06-30,2,-0.21719966159440574,56.02976511113567,752.2100219726562,927.8499755859376,-0.18929779407750125,,C,51.51122367482988,2026-07-31,0.13784436670991607,0.3324775353016689,20.76,1.0,,,0.9323671497584541,22278308524.121117,1.1931187661637488,,28.827554044925638,True,False,0.129718689788054,25.910376,,3.0
CRS,Carpenter Technology,Industrials,368765716.83533686,396.8399963378906,2026-09-25,-,False,66.98786723993253,90.39781171527045,2026-06-30,2026-07-31,1,-0.258965831485757,61.4705119663839,476.4200134277344,625.989990234375,-0.23893349596635016,,C,57.43759327067515,2026-06-30,0.08588509262799349,0.417789757412399,10.52,1.0,,,0.8578070293642744,19985345062.720005,6.396948038768326,23.887345498433643,37.722433111966794,True,False,0.5095399239543728,24.123508,,3.0
CMG,Chipotle Mexican Grill,Consumer Discretionary,561365856.5758902,31.32999992370605,2026-09-25,-,False,46.04403730620962,78.52048278301912,2024-04-30,2024-06-30,26,-0.4136047605126656,53.393928292453,38.02999877929688,69.26139831542969,-0.4509207191269663,2025-03-31,A,39.28551634360864,2026-06-30,0.07309208274336165,-0.04424778761061965,1.08,1.0,,,0.11993553225780713,41182849760.82377,3.3148461557266016,18.424592553208107,29.009259188616713,False,True,0.2580733944954128,22.846933,,3.0
TTEK,Tetra Tech,Industrials,88466315.10901982,33.90999984741211,2026-09-25,-,False,53.121109391598644,73.95813583097583,2024-10-31,2024-10-31,22,-0.28174082817606705,50.29153236506356,36.13999938964844,51.20000076293945,-0.294140647439053,2025-01-31,C,49.98449613455429,2026-06-28,-0.07608761420705512,1.0750000000000002,1.66,1.0,,,0.38557392763000237,8906073333.418512,1.7568042233609469,14.952805036423861,20.42771075145308,False,True,0.04686746987951795,19.513178,,3.0
GWRE,Guidewire Software,Information Technology,214098015.3725397,145.55999755859375,2026-09-25,-,False,57.542163525491816,83.47315782893303,2024-11-30,2025-06-30,14,-0.31065069272428014,56.761747323674456,204.75,272.6000061035156,-0.2488995032441439,2025-12-31,BC,46.440232275231715,2026-07-31,0.22695493151949453,1.0123456790123453,1.63,0.0,,,0.06830590149669609,12438057141.075836,8.430506350691887,65.71027375679505,89.30061199913727,False,True,2.2791963190184052,27.23247,,3.0
OC,Owens Corning,Industrials,153325653.90763056,123.91000366210938,2026-09-25,-,False,50.53711912347751,72.27310210492507,2024-11-30,2024-11-30,21,-0.30074789027170257,49.14570943134905,138.14999389648438,214.52999877929688,-0.35603414588833493,2025-03-31,BC,46.10778208326531,2026-06-30,-0.1611006985857898,-3.0231362467866325,-7.869999999999999,1.0,,,0.8523074854626734,10564626741.712248,1.0728777030275463,19.05462826996358,,False,False,,10.321249,,3.0
AJG,Arthur J. Gallagher & Co.,Financials,364078680.9721689,231.1000061035156,2026-09-25,-,False,51.78482696584267,74.30663587071014,2024-11-30,2025-03-31,17,-0.30309283472413284,50.52851239208289,262.1499938964844,351.2300109863281,-0.2536230228154144,2025-10-31,C,45.36470410815774,2026-06-30,0.2632507417207923,-0.08774583963691385,6.03,1.0,,,0.7119914598094881,60093666595.40836,3.8145021325002135,25.238694613779145,38.32504247156146,False,False,1.4648507462686564,15.548626,,3.0
TTWO,Take-Two Interactive,Communication Services,550030054.1793096,201.44000244140625,2026-09-25,-,False,52.12558116409126,72.67213683997525,2025-04-30,2025-10-31,10,-0.28272948298090794,49.41705305118317,219.6999969482422,265.94000244140625,-0.17387382518112138,2026-03-31,C,47.45182002483062,2026-06-30,0.15300386260173826,,-1.73,0.0,,,0.8604800848099349,37307154209.37952,5.579474195674795,1085.7215488394147,,False,False,,19.564875,,3.0
ORA,Ormat Technologies,Utilities,91241090.99262783,93.62999725341795,2026-09-25,-,False,52.291302627638466,75.72266957959766,2026-01-31,2026-05-31,3,-0.309436620262427,51.49141531412641,102.0,146.38999938964844,-0.30323109211507626,2026-07-31,C,48.7907313292848,2026-06-30,0.3113002797071627,-0.05555555555555558,2.04,1.0,,growth 31% vs 2% a year earlier,0.643415435139573,5954500648.857564,5.0103586799290865,10.956401023629375,45.89705747716566,False,False,0.26730049261083755,35.15871,,3.0
SLM,SLM Corp,Financials,61902574.66290489,23.65999984741211,2026-09-25,-,False,52.4430516519057,75.14945605714891,2025-05-31,2025-07-31,13,-0.30214995020024726,51.10163011886125,25.96999931335449,34.970001220703125,-0.2573634999480757,2026-02-28,C,47.60601018567762,2026-06-30,,0.7860696517412937,3.5900000000000007,1.0,,,0.5369127516778524,4847116743.11327,,6.107421690248275,6.590529205407272,False,False,-0.059581005586592295,6.82122,,3.0
PHM,PulteGroup,Consumer Discretionary,200125123.31203884,119.8499984741211,2026-09-25,-,False,54.30320552974498,77.57405099695245,2024-09-30,2024-09-30,23,-0.29998234162247994,52.75035467792766,126.31999969482422,149.47000122070312,-0.15488058698612228,2025-02-28,C,51.36342621340745,2026-06-30,-0.07276057627038757,-0.2672155688622755,9.79,1.0,,,0.7806979750107712,23338871316.7512,1.42248815796009,8.438121912091702,12.242083603076722,False,False,0.12655771195097043,10.848672,,3.0
TOL,Toll Brothers,Consumer Discretionary,139330640.21238297,137.33999633789062,2026-09-25,-,False,54.7153900756127,77.58140268061973,2024-09-30,2024-11-30,21,-0.29473574613158016,52.75535382282141,143.4499969482422,169.52000427246094,-0.15378720308617821,2025-02-28,C,52.36023978811561,2026-07-31,-0.010825899229248481,-0.08480825958702065,12.41,1.0,,,0.5663570691434469,13262362355.47062,1.2326719936126824,7.797568405272942,11.066881252045981,False,False,0.10951765650080247,9.968831,,3.0
RSG,Republic Services,Industrials,318471279.07433885,212.1000061035156,2026-09-25,-,False,54.71845326875928,77.98163747921711,2024-08-31,2025-06-30,14,-0.29831618009634253,53.02751348586763,220.9199981689453,258.75,-0.14620290562726446,2025-10-31,C,50.911230994043216,2026-06-30,0.02884820097934848,0.04437869822485219,7.0600000000000005,1.0,,,0.7742899850523169,65669376436.48314,3.397277622166743,15.214248459396854,30.042493782367647,False,False,0.14149575070821552,26.401049,,3.0
MP,MP Materials,Materials,291733156.40310866,48.83000183105469,2026-09-25,-,False,55.17637723404723,80.40897517277641,2025-08-31,2025-10-31,10,-0.3138032524915456,54.67810311748795,54.75,100.2509994506836,-0.45387078133886205,2026-07-31,BC,51.96687575478598,2026-06-30,0.2612838474119843,,-0.33,0.0,,,0.7763157894736842,8969627427.25719,29.37230841634174,,,False,False,,53.340733,,3.0
VNOM,Viper Energy,Energy,72879011.01516844,40.93000030517578,2026-09-25,-,False,55.60715405096288,78.83910087816741,2024-11-30,2024-11-30,21,-0.29467544110003996,53.610588597153836,44.790000915527344,56.7599983215332,-0.21088790979517646,2025-04-30,C,48.87646654988997,2026-06-30,0.6202090592334495,-1.0261780104712042,-0.09999999999999998,1.0,,shares +106% y/y,0.5744416873449132,7929491749.12262,3.885101297953268,,,False,False,18.39384615384615,16.14509,,3.0
COR,Cencora,Health Care,429371203.0115521,306.9200134277344,2026-09-25,-,False,57.35358804992153,80.05182050312504,2025-11-30,2025-11-30,9,-0.283544238101586,54.43523794212503,323.6000061035156,377.5400085449219,-0.14287228166703858,2026-05-31,C,53.705694431707144,2026-06-30,0.05089761416873029,0.382956878850103,13.470000000000002,1.0,TTM net income jumped 1.57x in one quarter,,0.8160657797379874,59807090037.49243,0.17972429083828365,19.048097433253368,22.785450143113163,False,False,0.4729650817236255,15.341133,,3.0
CMI,Cummins,Industrials,601345694.8270283,525.0599975585938,2026-09-25,-,False,58.98381895922992,82.23028735319801,2026-02-28,2026-06-30,2,-0.28269958846330134,55.91659540017464,564.4000244140625,737.760009765625,-0.23498154285515738,,C,54.88954741669127,2026-06-30,0.02930011862396209,-0.08298171589310843,19.559999999999995,1.0,,,0.9162929745889388,72880260397.32016,2.099811582266917,14.980901734953154,26.843558157392327,False,False,0.7692554931016862,14.976752,,3.0
TXRH,Texas Roadhouse,Consumer Discretionary,173201689.91478813,159.75,2026-09-25,-,False,59.07893756340751,83.08589317224852,2024-11-30,2024-11-30,21,-0.2889414158318221,56.49840735712899,195.6000061035156,216.3000030517578,-0.09570040062962448,2025-08-31,C,46.38768028981719,2026-06-30,0.09891343355173987,-0.047256097560975374,6.25,1.0,,,0.6180904522613065,10560701880.0,1.6947246183311764,14.761940048930965,25.56,False,False,0.24448000000000003,20.349705,,3.0
FOX,Fox Corporation (Class B),Communication Services,70357242.64240567,56.540000915527344,2026-09-25,-,False,59.6993477663717,82.27845800666039,2025-02-28,2026-01-31,7,-0.27442310888301924,55.94935144452906,60.220001220703125,68.17500305175781,-0.11668502346843057,2026-02-28,C,55.65176989725482,2026-06-30,0.050674846625766934,-0.2179226069246436,3.84,1.0,,,0.6318681318681318,24809870193.401974,1.448666950449724,8.808957654063443,14.723958571751913,False,False,0.5,9.857267,,3.0
WWD,"Woodward, Inc.",Industrials,242611013.35560632,330.3099975585937,2026-09-25,-,False,60.60506399771954,87.81355033758089,2026-02-28,2026-06-30,2,-0.3098438251871607,59.713214229555,339.82000732421875,450.9200134277344,-0.2463851742994787,,C,58.77194666487739,2026-06-30,0.22347887859981408,0.4224683544303798,8.989999999999998,1.0,,growth 22% vs 6% a year earlier,0.9299065420560748,20282650495.246998,4.838428922019871,24.89459403571316,36.74193521230186,False,False,0.19505561735261412,30.299109,,3.0
ALSN,Allison Transmission,Industrials,127427162.13389805,113.86000061035156,2026-09-25,-,False,61.99454551275323,83.53900047655412,2024-11-30,2024-11-30,21,-0.25789696837284415,56.8065203240568,125.70999908447266,137.6199951171875,-0.08654262792680034,2025-06-30,C,55.73871505704714,2026-06-30,0.3756250000000001,-0.2785388127853883,6.32,1.0,,growth 38% vs 3% a year earlier,0.5885714285714285,9530370304.25253,2.165009155895622,12.711487815981314,18.01582288138474,False,False,0.799308426073132,10.054208,,3.0
