ticker,name,sector,w_rsi,w_rsi_prov,last_px,last_date,dd_ath_now,status,rsi,last_ath_date,weeks_from_ath,close,dd_ath,q_end,rev_yoy,eps_yoy,eps_ttm,prof_past,oneoff,acq,val_pct_op,mcap,ps,ev_ebitda,pe,quality,cheap,m_rsi,m_rsi_prov,m_month,m_prov_month,m_zone,m_zone_prov,m_hit,m_status,signal_date,year,peak_rsi,weeks_since,ret_since,max_dd,max_gain,hit,m_signal,m_signal_rsi,m_signal_prov,m_lead_weeks,qc,rank,rank_of,top20
MCD,McDonald's,Consumer Discretionary,24.645375447591718,23.950177600239286,234.3249969482422,2026-09-30,-0.31433797527946694,signal,24.645375447591718,2026-02-27,30,236.5,-0.30797366495976586,2026-06-30,0.06300844205679201,0.05484147386460969,12.309999999999997,1.0,,,0.5270270270270271,188117469949.978,6.790754095371381,15.072554571692521,21.408611579603733,True,False,40.547635535940366,33.87374697717172,2026-08,2026-09,False,False,False,,2026-09-25,2026.0,72.62441873340356,0.0,-0.009196630239990733,-0.012262130640526059,0.0,False,,,,,False,,,False
DKS,Dick's Sporting Goods,Consumer Discretionary,32.28931730713792,32.04591170133672,135.3300018310547,2026-09-30,-0.4684603354799919,signal,24.934954601113247,2024-04-05,128,121.1500015258789,-0.5241555435131389,2026-05-02,0.4122174463493766,-0.2659042172980699,10.270000000000001,1.0,,"growth 41% vs 3% a year earlier, goodwill up 9% of revenue",0.2885520788063161,11898982368.143856,0.6195790265989204,6.319193638660966,13.15482045798594,False,True,34.94397646787442,35.01787685769513,2026-08,2026-09,True,False,True,buy 2026-08,2026-09-18,2026.0,85.45753306646098,1.0,0.1170449865999117,0.0,0.12612456423814722,False,2026-08,34.94397646787442,False,-2.5714285714285716,False,,,False
PNR,Pentair,Industrials,24.23993911129577,24.09327192778595,53.45000076293945,2026-09-30,-0.5309346011898777,signal,24.96354965026751,2024-11-29,85,62.45000076293945,-0.45195258942126004,2026-03-31,0.030986261040235608,0.054263565891472965,4.08,1.0,,,0.4560980675919037,12613201092.73873,3.001499439054501,15.684997935417547,18.789216583850337,False,True,32.8524726555556,30.019203662985817,2026-08,2026-09,True,True,True,buy 2026-08,2026-07-17,2026.0,78.48776881230881,10.0,-0.14037594603084236,-0.14713074121700542,0.12418562818411161,False,2026-08,32.8524726555556,False,6.428571428571429,False,,,False
ROL,"Rollins, Inc.",Industrials,16.045185954404616,18.110505267214222,30.51000022888184,2026-09-30,-0.5387057679099865,signal,24.448888937316838,2025-06-06,55,43.27000045776367,-0.3457816622759774,2026-03-31,0.11034424405470267,0.101010101010101,1.09,1.0,,,0.1871743866628777,23114166231.52286,6.011533570228861,27.596102209752225,43.66972337075329,True,True,32.48445595230281,28.49074450407673,2026-08,2026-09,True,True,True,buy 2026-07,2026-06-26,2026.0,73.75469106854533,13.0,-0.29145681565922077,-0.3026039936856666,0.05061247067563723,False,2026-07,33.996635429322,False,5.0,True,6.0,8.0,True
ICE,Intercontinental Exchange,Financials,51.36020299544007,49.26961595811207,152.19000244140625,2026-09-29,-0.1962503430910606,signal,24.61981706478616,2024-10-25,87,123.86000061035156,-0.34586745910829997,2026-03-31,0.07285257199113948,0.4223602484472049,6.87,1.0,,,0.24879513029335434,84599472196.93158,6.469333348392719,15.02691573281345,21.521107147527747,True,True,52.692953025503535,49.53352623673451,2026-08,2026-09,False,False,False,,2026-06-26,2026.0,79.83244661417737,13.0,0.2328118069513736,-0.007669905510694686,0.3288389868642245,True,,,,,True,7.0,8.0,True
PPC,Pilgrim's Pride,Consumer Staples,38.72510469982166,37.522314891051174,27.34000015258789,2026-09-30,-0.5216934880060939,signal,23.796063654337104,2024-11-08,79,27.559999465942383,-0.517844654662116,2026-03-29,0.03269364448112344,-0.1838074398249454,3.7299999999999995,1.0,,,0.3136124503710978,7877879502.788882,0.42429064487234014,5.664229018423889,8.87399422898689,False,True,41.4680563184846,37.15571234098155,2026-08,2026-09,False,False,False,,2026-05-15,2026.0,82.808644205321,19.0,-0.007982558694399122,-0.03809866681449303,0.17670540397693268,False,,,,,False,,,False
LDOS,Leidos,Industrials,41.89940493784083,41.509781525284886,122.95999908447266,2026-09-30,-0.4024396339047511,signal,24.900224221571023,2024-11-08,79,123.69000244140624,-0.3988919673752458,2026-01-02,0.03203426640926632,0.20824295010845995,11.14,1.0,,,0.40980506755595286,19395921164.055485,1.1338002667946154,9.560617408943513,13.394973179596331,False,True,47.90431536723192,43.117405082576916,2026-08,2026-09,False,False,True,buy 2026-06,2026-05-15,2026.0,86.44864333502753,19.0,0.0008496589844420033,-0.18867136672199625,0.18705482871410184,False,2026-06,33.452609717565,False,6.571428571428571,False,,,False
TSCO,Tractor Supply,Consumer Discretionary,38.14552571038879,36.319384776420755,31.4950008392334,2026-09-30,-0.5078137206889346,signal,24.771623031432895,2024-05-24,100,36.7400016784668,-0.42584777754693925,2025-12-27,0.04305617510068882,0.009803921568627416,2.06,1.0,,,0.4146341463414634,24103271972.695137,1.5526411073952717,13.089699690371743,21.990290891776965,False,True,36.874430084035545,34.035151302178676,2026-08,2026-09,False,True,True,buy 2026-04,2026-04-24,2026.0,76.0146330989571,22.0,-0.1298295983919152,-0.20041945367944713,0.0,False,2026-04,33.25026420038027,False,0.8571428571428571,False,,,False
BSX,Boston Scientific,Health Care,33.4367300846982,33.39037025879354,43.880001068115234,2026-09-29,-0.599269396638217,signal,24.942511738173224,2025-02-07,60,62.81999969482422,-0.4263013726500071,2025-12-31,0.1986624470054339,0.552,1.94,1.0,,,0.29637096774193544,93542783505.15465,4.659897554306797,25.22374718539536,32.34536082474227,True,True,29.895346792544473,27.95172315939017,2026-08,2026-09,True,True,True,buy 2026-03,2026-04-03,2026.0,84.25742579595904,25.0,-0.30149631834954405,-0.32139444006352724,0.04568613117676423,False,2026-03,32.198729921325,False,-0.42857142857142855,True,8.0,8.0,True
ERIE,Erie Indemnity,Financials,40.11264090715785,39.97241213600096,222.42999267578125,2026-09-29,-0.5933638159492116,signal,24.250438731912283,2024-09-27,77,240.3699951171875,-0.5605667365316499,2025-12-31,0.07170876244856883,,,1.0,,,0.10714285714285715,684916.4862060547,0.00016839760010455563,-0.4819154568882021,,False,True,40.57145916440586,35.597528677464084,2026-08,2026-09,False,False,True,buy 2026-03,2026-03-20,2026.0,84.33070008290787,27.0,-0.06395524041785494,-0.1328408876889895,0.13050886214015556,False,2026-03,34.558889546304655,False,1.5714285714285714,False,,,False
JEF,Jefferies,Financials,42.09263226456311,40.56471423382929,46.49020004272461,2026-09-30,-0.4377092420037846,signal,24.420790258756867,2024-12-13,65,36.36000061035156,-0.5602322148506884,2025-11-30,0.02934911791829431,-0.053511705685618804,2.83,1.0,,,0.5144887265798667,10700635703.43395,0.9886322091313285,13.467739805913787,15.689046475575585,False,False,49.887063331955005,45.49903118233007,2026-08,2026-09,False,False,False,,2026-03-13,2026.0,81.81686899521696,28.0,0.29799211116158264,0.0,0.7407793942305081,True,,,,,False,,,False
PLNT,Planet Fitness,Consumer Discretionary,27.650730344756738,26.270660252719708,40.834999084472656,2026-09-30,-0.6432689905738622,signal,24.677970652281545,2025-01-31,58,73.62000274658203,-0.35686204279285827,2025-12-31,0.12058521360736729,,,1.0,,,0.3426797260098586,8215.00015258789,6.204008138531678e-06,3.687537404943761,,False,True,35.15275410280759,31.498581043781414,2026-08,2026-09,False,False,False,,2026-03-13,2026.0,79.02350068133195,28.0,-0.4453273898258784,-0.44987777113496097,0.03287147621109887,False,,,,,False,,,False
EQH,Equitable Holdings,Financials,65.46871082499894,59.90433748170894,52.09999847412109,2026-09-30,-0.07966794007428057,signal,24.826496104209866,2025-02-14,56,37.220001220703125,-0.3425189751031875,2025-12-31,-0.062072847149634125,-2.2777777777777777,-4.83,1.0,,,0.34065934065934067,11491428920.200893,0.9851203532105353,,,False,True,57.749397578102254,59.978379112447385,2026-08,2026-09,False,False,False,,2026-03-13,2026.0,78.17753432063783,28.0,0.4189484134817376,-0.050510491803414936,0.4717845644799272,True,,,,,False,,,False
SLM,SLM Corp,Financials,44.47465342442704,41.55700608112534,22.815000534057617,2026-09-30,-0.34758365062479435,signal,24.25896064743702,2025-01-24,57,18.739999771118164,-0.46411212133376734,2025-09-30,,-0.01724137931034475,2.85,1.0,,,0.8226950354609929,5936942811.320121,,11.197938058066603,9.526315655624659,False,False,52.4430516519057,46.05223893658917,2026-08,2026-09,False,False,False,,2026-02-27,2026.0,74.57915065286741,30.0,0.23905599707307723,0.0,0.5148060468460895,True,,,,,False,,,False
HIMS,Hims & Hers Health,Health Care,49.93582167846651,49.86047851956576,29.3700008392334,2026-09-30,-0.597560982621645,signal,24.83420185202108,2025-02-14,53,15.630000114440918,-0.7858317430050383,2025-09-30,0.7801680201353629,0.20454545454545459,0.53,0.0,net income 1.16x operating income,,0.12206572769953052,6838384963.04638,3.0929510931670254,39.42144439182686,51.11320783507149,False,True,49.90845429587385,49.79876785856582,2026-08,2026-09,False,False,False,,2026-02-20,2026.0,82.32378624934402,31.0,0.8790787347530329,-0.07101725198656217,1.4491361803592762,True,,,,,False,,,False
WDAY,"Workday, Inc.",Information Technology,58.80169613595147,57.543520222488844,186.77999877929688,2026-09-30,-0.3999614510673162,signal,22.569608688247854,2024-02-23,103,144.4199981689453,-0.5360447226442528,2025-10-31,0.13166605369621176,-0.6108374384236455,2.369999999999999,1.0,net income 1.03x operating income,,0.0,47575722841.67327,5.153907793486434,50.193711643712135,74.10548729232598,False,True,50.051141446248025,47.96352563525566,2026-08,2026-09,False,False,False,,2026-02-13,2026.0,75.43822576566612,32.0,0.2933111836824567,-0.22102200923451532,0.4327655504252692,True,,,,,False,,,False
INTU,Intuit,Information Technology,34.556625685042306,33.52791964424476,268.0299987792969,2026-09-29,-0.6706034229343215,signal,23.39515559805872,2025-07-04,32,399.3999938964844,-0.509155723356602,2025-10-31,0.17136829415310428,0.41634241245136194,14.56,1.0,,,0.4774986917844061,141109382918.6408,7.261327788742902,26.827805695901606,34.26648443871802,True,True,37.50175345542551,32.64078880493305,2026-08,2026-09,False,True,True,buy 2026-02,2026-02-13,2026.0,74.63257350654322,32.0,-0.3238626605014643,-0.3593934461351971,0.2047321569686209,True,2026-02,33.383204084448025,False,2.142857142857143,True,3.0,8.0,True
EXLS,EXL Service,Industrials,54.39130903006804,53.61453498038181,34.5,2026-09-30,-0.3419797863973266,signal,23.644055348991373,2025-02-07,53,30.040000915527344,-0.4270455704620345,2025-09-30,0.144260543736773,0.29824561403508754,1.48,1.0,,,0.4951053477110132,6386873052.98367,3.1516923611681626,17.354012040971888,26.452703733701963,True,True,52.179720218705754,47.67146671132615,2026-08,2026-09,False,False,True,buy 2026-06,2026-02-13,2026.0,80.16539519786548,32.0,0.14846867338700154,-0.16045277813828063,0.27829561769521693,True,2026-06,33.061705970806216,False,19.571428571428573,True,4.0,8.0,True
NFLX,Netflix,Communication Services,37.281086580794934,36.251984998107865,70.06999969482422,2026-09-30,-0.4775379575375275,signal,23.67938406763541,2025-07-04,32,76.87000274658203,-0.4268351817612225,2025-12-31,0.15851068919677536,0.275844679778114,2.53,1.0,,,0.39069767441860465,362379623727.91455,8.020258393612917,26.923888442095322,32.99999915564013,True,True,46.858257635283046,41.83317520924573,2026-08,2026-09,False,False,False,,2026-02-13,2026.0,81.66610197338716,32.0,-0.08846107465581132,-0.12059326058594577,0.4022375057131131,True,,,,,True,5.0,8.0,True
NOW,ServiceNow,Information Technology,57.82403161180493,54.164703505276016,129.61000061035156,2026-09-30,-0.45909738560031277,signal,21.780735361808624,2024-12-13,60,100.73999786376952,-0.5795808351012395,2025-09-30,0.21053134556574915,0.20906432748538006,1.654,1.0,,,0.07930768673847031,122457263420.68619,9.667424285204563,52.55781922796865,70.74365304487938,True,True,51.21541551342717,47.013747423168006,2026-08,2026-09,False,False,True,buy 2026-02,2026-02-06,2026.0,79.85346169738679,33.0,0.28657934642427607,-0.1760968655941335,0.4690292697175815,True,2026-02,33.779852730600254,False,3.142857142857143,True,2.0,8.0,True
HRB,H&R Block,Consumer Discretionary,49.15697818570717,46.08054218492032,40.310001373291016,2026-09-30,-0.4111029485688503,signal,22.426442593779797,2024-08-16,77,32.880001068115234,-0.519649342088691,2025-09-30,0.04153706388624112,0.09113300492610854,4.430000000000001,1.0,,,0.25681530962267557,5454697283.820158,1.4465868954549346,6.854934138315253,8.905192045810258,False,True,57.511964823532296,45.930059234228395,2026-08,2026-09,False,False,True,buy 2026-02,2026-02-06,2026.0,79.17890790880634,33.0,0.2676590260810001,-0.13807787621129552,0.6884592856823668,True,2026-02,29.655134042933085,False,3.142857142857143,False,,,False
GWRE,Guidewire Software,Information Technology,47.20358103645118,46.18254054034891,141.86500549316406,2026-09-30,-0.47958546472191554,signal,22.82681239398771,2025-06-06,35,128.19000244140625,-0.5297505518296721,2025-10-31,0.22800005019348624,1.8648648648648645,1.0599999999999998,0.0,net income 1.43x operating income,,0.2561097603843225,12213319787.525682,9.600179679346581,126.51111674281613,132.79244764795845,False,True,57.542163525491816,45.88755398245927,2026-08,2026-09,False,False,False,,2026-02-06,2026.0,85.59036057754247,33.0,0.10667760973020068,-0.19892346918127013,0.605819503729291,True,,,,,False,,,False
BR,Broadridge Financial Solutions,Industrials,47.8398479855845,46.03636383952302,160.9499969482422,2026-09-29,-0.40807622087987727,signal,22.992949773526334,2023-12-29,110,181.91000366210935,-0.3309918678528616,2025-09-30,0.08571076847320969,0.22378716744913918,7.82,1.0,,,0.5108502538071066,23317961836.910007,3.3048871586980564,19.145449266363443,25.205882430991252,True,False,46.10654165074377,40.444958798457115,2026-08,2026-09,False,False,True,buy 2026-03,2026-02-06,2026.0,72.04049096699885,33.0,-0.09881245601613797,-0.24628972067935473,0.08229353354674851,False,2026-03,31.90600827364048,False,7.571428571428571,False,,,False
TYL,Tyler Technologies,Information Technology,45.89101403729279,43.37592677771895,314.760009765625,2026-09-30,-0.5240356097327313,signal,19.587560444574407,2024-11-29,61,369.3999938964844,-0.4414117505251316,2025-09-30,0.10622129508674893,0.31444241316270594,7.19,1.0,,,0.45048315977108544,19906434102.752644,8.661403382491278,39.665883220016354,63.13630211502522,True,True,41.270888792697114,35.40969894405231,2026-08,2026-09,False,False,True,buy 2026-01,2026-01-30,2026.0,82.52092604980967,34.0,-0.14791549819616656,-0.25481864222550643,0.026718991013176208,False,2026-01,32.07035006903304,False,0.14285714285714285,True,1.0,8.0,True
CVLT,CommVault Systems,Information Technology,58.623258872031066,59.301424667553526,147.08999633789062,2026-09-30,-0.26704204850391167,signal,22.652386755800038,2024-10-11,68,85.69999694824219,-0.5729519629458071,2025-09-30,0.2202382940816212,-0.5532994923857868,1.76,1.0,net income 1.03x operating income,,0.55872723041168,5715276391.462847,5.215453413573071,52.72028233405316,71.22727307406339,False,False,52.83072493161898,55.055981611424365,2026-08,2026-09,False,False,True,buy 2026-03,2026-01-30,2026.0,86.61082932182902,34.0,0.7163360743959468,-0.12275375749919659,0.7936990279421021,True,2026-03,33.878184970083794,False,8.571428571428571,False,,,False
GDDY,GoDaddy,Information Technology,52.6228154036715,49.26131102764425,94.05999755859376,2026-09-29,-0.5645370483398438,signal,24.954608223997894,2025-01-31,49,113.54000091552734,-0.4743518476132993,2025-09-30,0.08679060010265793,,5.800000000000001,1.0,,,0.1315802505818848,17724186468.45324,3.639612811296817,17.32880416571533,21.393103763974942,False,True,40.38771401422696,39.005475709764106,2026-08,2026-09,False,False,True,buy 2026-01,2026-01-09,2026.0,84.5214879172778,37.0,-0.17156951911094764,-0.3395279438163704,0.0,False,2026-01,34.705014845144476,False,3.142857142857143,False,,,False
INGR,Ingredion,Consumer Staples,35.5585660781109,35.090849236572325,96.37999725341795,2026-09-30,-0.3799537072849134,signal,22.782349575447554,2024-11-08,52,108.48999786376952,-0.3020458301609634,2025-06-30,-0.05159450350012962,0.04596527068437206,10.240000000000002,1.0,,,0.2833333333333334,7618863523.006437,1.0413974197657787,7.168509666951709,11.270508170127867,False,True,41.78663759459948,37.773351627950305,2026-08,2026-09,False,False,False,,2025-11-07,2025.0,80.46026716202378,46.0,-0.09053034786242176,-0.11402669104067875,0.11818789702440657,False,,,,,False,,,False
PAYX,Paychex,Industrials,41.32471831893471,39.72706410446543,99.31999969482422,2026-09-30,-0.3840238383083223,signal,23.928973206730106,2025-03-07,35,111.95999908447266,-0.305631386317341,2025-05-31,0.054169914263445085,-0.023454157782515916,4.58,1.0,,,0.6908212560386473,42347994973.12854,7.827725503350932,19.614483117613815,25.552401480195822,False,False,55.27630882329559,41.504066492571006,2026-08,2026-09,False,False,False,,2025-11-07,2025.0,73.76268842780058,46.0,-0.08269148041499208,-0.22776164342344885,0.17609810595637776,False,,,,,False,,,False
ADP,Automatic Data Processing,Industrials,55.825509922014284,54.77275106742869,261.79998779296875,2026-09-29,-0.20649836751811512,signal,24.522412716165007,2024-11-29,49,254.16000366210935,-0.22965474705456768,2025-09-30,0.07071183072187015,0.11318681318681323,10.13,1.0,,,0.5487179487179487,106288733416.27203,5.084758145386494,15.924492392111313,25.695951410954464,True,False,57.823038730693895,51.0385947994876,2026-08,2026-09,False,False,True,buy 2026-02,2025-11-07,2025.0,74.30459922661102,46.0,0.05995486210900669,-0.2462216847212464,0.1565245207774908,False,2026-02,33.87283313007289,False,16.142857142857142,False,,,False
FISV,Fiserv,Financials,32.405896793488466,31.142838156216627,45.36000061035156,2026-09-29,-0.8098830575188374,signal,14.681049334664777,2025-02-21,36,66.69000244140625,-0.7204828221424673,2025-09-30,0.0515853294901103,0.2490347490347491,6.470000000000001,1.0,,,0.05660377358490566,37179418671.73916,1.7570613739007164,,10.307573793107611,True,True,31.441595333175755,29.692128399590587,2026-08,2026-09,True,True,True,buy 2025-10,2025-10-31,2025.0,89.65905011244294,47.0,-0.3198380724276506,-0.3198380724276506,0.04738335458138887,False,2025-10,29.80025643982556,False,0.0,True,1.0,6.0,True
SFM,Sprouts Farmers Market,Consumer Staples,32.90946288814553,36.52039813810081,65.43000030517578,2026-09-30,-0.6404945038177154,signal,23.141014455290517,2025-02-14,37,78.95999908447266,-0.5661538511842161,2025-09-28,0.16601377572269715,0.49132947976878527,5.159999999999998,1.0,,,0.43764172335600904,7856933071.690939,0.9079280196220134,9.24781440798657,15.302325403967574,True,True,44.20850721967347,38.14746134521076,2026-08,2026-09,False,False,False,,2025-10-31,2025.0,89.80518100042869,47.0,-0.17135257011366312,-0.20858659570633986,0.1400708926903811,False,,,,,True,2.0,6.0,True
VRSK,Verisk Analytics,Industrials,39.06306681257796,37.73844046928391,166.22500610351562,2026-09-30,-0.4852440257911893,signal,23.261421764831397,2024-11-29,48,218.75999450683597,-0.32255671556327425,2025-09-30,0.07303510076860409,0.021840873634945357,6.55,1.0,,,0.5162739173473746,30776692356.954098,10.159000612957286,20.826456463697898,33.39847244379175,True,False,38.06577360596803,31.693923899979026,2026-08,2026-09,False,False,False,,2025-10-31,2025.0,75.47179563422421,47.0,-0.2325096468897705,-0.2797425777019269,0.030064845219651026,False,,,,,False,,,False
ATR,AptarGroup,Materials,45.00812031247018,44.28982680748344,123.29000091552734,2026-09-29,-0.30747625815371993,signal,23.420720013609937,2024-11-08,51,116.01000213623048,-0.34836823607437273,2025-09-30,0.024977317771169405,0.3115789473684214,6.230000000000001,1.0,,,0.4366666666666667,7809521474.464133,2.132273340462498,11.184604618623055,18.621188143857218,False,True,48.644843236233676,44.77544730886335,2026-08,2026-09,False,False,False,,2025-10-31,2025.0,84.16054128890653,47.0,0.07486231538954757,-0.027527410544911923,0.2609550389906852,True,,,,,False,,,False
ROP,Roper Technologies,Information Technology,43.69959784640302,41.43626913540898,349.6600036621094,2026-09-30,-0.4125039674339688,signal,23.45887367146331,2023-12-15,98,446.1499938964844,-0.25038223245907065,2025-09-30,0.1395300785170317,0.0747594374537377,14.519999999999998,1.0,,,0.5878489326765188,48246881571.36776,6.248786630147359,25.953675684729188,30.726583601686258,True,False,46.207624460885285,37.16242967577143,2026-08,2026-09,False,False,False,,2025-10-31,2025.0,71.02765107756028,47.0,-0.21069052236923347,-0.2913227658150074,0.020284644849075217,False,,,,,False,,,False
GPK,Graphic Packaging,Materials,37.71105080927945,36.877924523455235,9.220000267028809,2026-09-30,-0.6996742658664998,signal,23.897145830404554,2024-03-29,83,15.989999771118164,-0.47915311486177437,2025-06-30,-0.05047283923466017,-0.2435897435897435,1.77,1.0,,,0.1354130726471152,4824101625.862768,0.5586683990576454,7.179224540778453,9.033898175772974,False,True,30.447067765444373,27.1321435892103,2026-08,2026-09,False,True,True,RSI < 30 now (prov.),2025-10-31,2025.0,71.52287856402234,47.0,-0.39967417545532513,-0.43245713446900413,0.06629149734671436,False,,,,,False,,,False
BRO,Brown & Brown,Financials,38.49801661447795,38.23165422424583,60.59999847412109,2026-09-29,-0.5178230559597998,signal,24.421587090418967,2025-03-28,31,79.73999786376953,-0.36553152713124504,2025-09-30,0.17854607258879973,-0.04899135446685887,3.2999999999999994,1.0,,,0.65,24163635716.2938,4.411032441820701,18.998536953152104,24.1636357162938,False,False,44.282111855535305,38.0382013499397,2026-08,2026-09,False,False,True,buy 2026-04,2025-10-31,2025.0,77.57784683894684,47.0,-0.23267917068297195,-0.31302749326333035,0.03464185184176216,False,2026-04,32.924988211573165,False,25.857142857142858,False,,,False
RLI,RLI Corp.,Financials,41.76850421114076,42.674506292529514,56.08000183105469,2026-09-30,-0.38471661751582487,signal,24.469099117782676,2024-11-29,46,59.630001068115234,-0.34576769691886955,2025-06-30,0.11689031910589853,-0.045020463847203374,3.4999999999999996,1.0,,,0.48743718592964824,6027017581.377303,3.3177424561776894,,18.63428606305804,False,True,49.219807204063585,43.03874575314129,2026-08,2026-09,False,False,False,,2025-10-17,2025.0,73.02095957819694,49.0,0.021858018455262584,-0.16874100810936643,0.21051433093104732,True,,,,,False,,,False
PEG,Public Service Enterprise Group,Utilities,27.808105676156543,30.765845687740523,67.94999694824219,2026-09-30,-0.286389455186562,watch,27.808105676156543,2024-11-29,95,67.0199966430664,-0.29615631396889075,2026-06-30,0.12654930842464518,0.015151515151514916,4.02,1.0,,,0.6817919815550147,36701483503.503,2.92605305776154,,18.24129398782455,True,False,43.42054845587232,38.50121706895785,2026-08,2026-09,False,False,False,,,,,,,,,,,,,,False,,,False
BWXT,BWX Technologies,Industrials,29.260053406799543,30.128448068365913,139.5749969482422,2026-09-30,-0.422814520218305,watch,29.260053406799543,2026-04-17,23,138.47000122070312,-0.4273840169268943,2026-06-30,0.22672210352868882,0.20249221183800636,3.8600000000000003,1.0,,,0.8787870113264439,14013007130.92626,3.9877993070305835,28.321743314518383,39.453366136303835,True,False,49.03956061492107,45.5562841198159,2026-08,2026-09,False,False,False,,,,,,,,,,,,,,False,,,False
AON,Aon plc,Financials,29.606773625522337,29.14685522712378,275.8999938964844,2026-09-29,-0.3319127464926068,watch,29.606773625522337,2025-02-28,82,277.989990234375,-0.32685185506777503,2026-06-30,0.04924785100286533,0.5282224094355517,18.14,1.0,,,0.47652494620149605,70507525705.42375,4.011351522183749,17.3838822678414,17.72436543625534,False,True,46.12131141818796,38.229918435252046,2026-08,2026-09,False,False,False,,,,,,,,,,,,,,False,,,False
FNF,Fidelity National Financial,Financials,29.948860696900653,29.355083587489958,41.08000183105469,2026-09-30,-0.361511349505087,watch,29.948860696900653,2024-11-29,95,41.41999816894531,-0.3562269338946453,2026-06-30,0.13026199587871656,-0.24269974554707396,2.869999999999999,1.0,,,0.2287177440808726,12494564665.153053,0.8135541519177661,5.068865242239913,16.184669255379603,False,True,44.19716059842327,39.31575115105364,2026-08,2026-09,False,False,False,,,,,,,,,,,,,,False,,,False
